building_age,BuildingType,floor_surface,has_third_use,Neighborhood,NumberofBuildings,NumberofFloors,PrimaryPropertyType,ratio_build,SecondLargestPropertyUseTypeGFA,SiteEnergyUse(kBtu),sum_energy_use,sum_types_use,ThirdLargestPropertyUseTypeGFA,total_ty_gfa,use_steam
89,NonResidential,7369.5,0,DOWNTOWN,1.0,12,Hotel,1.0,0.0,7226362.5,3,1,0.0,88434.0,1
20,NonResidential,9415.09090909091,1,DOWNTOWN,1.0,11,Hotel,0.8545468590077825,15064.0,8387933.0,2,3,4622.0,103566.0,0
47,NonResidential,23319.756097560974,0,DOWNTOWN,1.0,41,Hotel,0.7942517074395206,0.0,72587024.0,3,1,0.0,756493.0,1
90,NonResidential,6132.0,0,DOWNTOWN,1.0,10,Hotel,1.0,0.0,6794584.0,3,1,0.0,61320.0,1
36,NonResidential,9754.444444444445,1,DOWNTOWN,1.0,18,Hotel,0.6468846110035311,68009.0,14172606.0,2,3,0.0,191454.0,0
17,Nonresidential COS,48644.0,0,DOWNTOWN,1.0,2,Other,0.6176506866211661,0.0,12086616.0,2,1,0.0,88830.0,0
90,NonResidential,7546.181818181818,0,DOWNTOWN,1.0,11,Hotel,1.0,0.0,5758795.0,2,1,0.0,81352.0,0
90,NonResidential,12845.125,0,DOWNTOWN,1.0,8,Other,1.0,0.0,6298131.5,3,1,0.0,102761.0,1
112,NonResidential,10932.266666666666,0,DOWNTOWN,1.0,15,Hotel,1.0,0.0,13723820.0,2,1,0.0,163984.0,0
47,NonResidential,13923.90909090909,0,DOWNTOWN,1.0,11,Hotel,0.8741275634454797,0.0,16016644.0,3,1,0.0,133884.0,1
18,NonResidential,13327.04,0,DOWNTOWN,1.0,25,Hotel,0.8164303551276202,0.0,26941110.0,3,1,0.0,336640.0,1
88,NonResidential,7223.222222222223,0,DOWNTOWN,1.0,9,Hotel,1.0,0.0,6596057.5,3,1,0.0,65009.0,1
36,NonResidential,9574.30303030303,0,DOWNTOWN,1.0,33,Hotel,0.8176938269104168,57600.0,22325364.0,3,2,0.0,353111.0,1
94,NonResidential,8380.90909090909,0,DOWNTOWN,1.0,11,Hotel,0.7266514806378133,25200.0,10750010.0,3,2,0.0,92590.0,1
12,Nonresidential COS,37454.545454545456,1,DOWNTOWN,1.0,11,Other,0.8616504854368932,49000.0,18588860.0,2,3,1074.0,414987.0,1
86,NonResidential,17318.5,1,DOWNTOWN,1.0,6,Other,1.0,40000.0,9956396.0,3,3,0.0,130000.0,1
33,NonResidential,14867.17857142857,0,DOWNTOWN,1.0,28,Hotel,0.7958110026640659,85000.0,33556756.0,2,2,0.0,433329.0,0
109,NonResidential,11490.4,1,DOWNTOWN,1.0,5,Mixed Use Property,1.0,15505.0,7606084.5,3,3,9741.0,41688.0,1
100,NonResidential,10435.2,0,DOWNTOWN,1.0,10,Hotel,1.0,0.0,10154608.0,3,1,0.0,104352.0,1
100,NonResidential,54036.0,0,DOWNTOWN,1.0,10,Other,1.0,0.0,44984468.0,2,1,0.0,537150.0,0
31,NonResidential,20277.57894736842,0,DOWNTOWN,1.0,19,Other,1.0,0.0,47859812.0,2,1,0.0,385274.0,0
55,SPS-District K-12,28114.0,0,SOUTHEAST,1.0,2,K-12 School,1.0,0.0,1539478.5,2,1,0.0,58916.0,0
15,NonResidential,14765.333333333334,0,NORTHEAST,1.0,6,Hotel,0.6547543796279574,30586.0,3663534.5,2,2,0.0,88592.0,0
88,NonResidential,18084.714285714286,0,DOWNTOWN,1.0,7,University,1.0,0.0,11343686.0,2,1,0.0,125000.0,0
86,NonResidential,33612.0,0,DOWNTOWN,1.0,2,Other,1.0,0.0,1310236.625,1,1,0.0,67224.0,0
25,NonResidential,19834.5,1,EAST,1.0,8,Hotel,0.8090385439511961,42000.0,5328051.5,2,3,4500.0,159176.0,0
15,NonResidential,17186.6,0,DOWNTOWN,1.0,10,Hotel,0.7772625184736947,0.0,11061916.0,2,1,0.0,128909.0,0
61,SPS-District K-12,126351.0,0,Central,1.0,1,K-12 School,1.0,0.0,0.0,0,1,0.0,126351.0,0
38,NonResidential,13682.0,0,DOWNTOWN,1.0,5,Hotel,0.7631925157140769,0.0,4456714.5,2,1,0.0,47994.0,0
67,SPS-District K-12,80322.5,0,NORTH,1.0,2,K-12 School,1.0,0.0,6779173.0,2,1,0.0,164229.0,0
27,SPS-District K-12,25791.0,0,MAGNOLIA / QUEEN ANNE,1.0,2,K-12 School,1.0,0.0,0.0,1,1,0.0,55166.0,0
110,NonResidential,29087.333333333332,1,LAKE UNION,1.0,3,Small- and Mid-Sized Office,1.0,18153.0,4145920.5,2,3,4307.0,63403.0,0
22,NonResidential,20467.75,0,NORTHEAST,1.0,4,Hotel,1.0,0.0,6668568.5,2,1,0.0,81871.0,0
61,NonResidential,55178.0,0,NORTHEAST,1.0,2,Self-Storage Facility,1.0,0.0,318364.8125,2,1,0.0,26225.0,0
24,Campus,164945.0,1,GREATER DUWAMISH,1.0,3,Mixed Use Property,1.0,639931.0,448385312.0,2,3,459748.0,1856706.0,0
55,NonResidential,357047.5,1,GREATER DUWAMISH,3.0,2,Warehouse,1.0,276000.0,44731160.0,1,3,71000.0,963000.0,0
26,SPS-District K-12,27493.0,0,MAGNOLIA / QUEEN ANNE,1.0,2,K-12 School,1.0,0.0,1650279.25,2,1,0.0,54986.0,0
66,SPS-District K-12,87782.5,0,NORTHEAST,1.0,2,K-12 School,1.0,0.0,6399127.5,2,1,0.0,182861.0,0
55,NonResidential,47450.0,0,BALLARD,1.0,2,Small- and Mid-Sized Office,1.0,39314.0,6186461.5,2,2,0.0,94900.0,0
116,NonResidential,26277.0,0,GREATER DUWAMISH,1.0,2,Small- and Mid-Sized Office,1.0,7849.0,2951331.25,2,2,0.0,58878.0,0
62,NonResidential,58338.333333333336,0,NORTHWEST,1.0,3,K-12 School,1.0,0.0,6994740.5,2,1,0.0,175015.0,0
105,NonResidential,23528.666666666668,1,DOWNTOWN,1.0,3,Self-Storage Facility,1.0,28197.0,2158629.0,2,3,3859.0,70495.0,0
47,NonResidential,13842.083333333334,0,DOWNTOWN,1.0,24,Hotel,0.3800006020288372,0.0,16163194.0,2,1,0.0,348630.0,0
43,NonResidential,33623.0,1,DOWNTOWN,1.0,5,Large Office,1.0,65676.0,9536161.0,1,3,493.0,169531.0,0
96,NonResidential,28714.0,0,DOWNTOWN,1.0,2,Other,1.0,5681.0,1247362.0,2,2,0.0,57428.0,0
106,NonResidential,7425.0,0,DOWNTOWN,1.0,8,Small- and Mid-Sized Office,1.0,4993.0,5071974.0,1,2,0.0,39940.0,0
90,NonResidential,26274.5,1,DOWNTOWN,1.0,2,Mixed Use Property,1.0,23500.0,15026196.0,2,3,5459.0,52459.0,0
86,NonResidential,4931.7,1,DOWNTOWN,1.0,20,Hotel,0.8981791268730863,10043.0,4841347.5,2,3,5000.0,98634.0,0
34,NonResidential,29241.529411764706,1,DOWNTOWN,1.0,34,Hotel,0.8524519921304511,117668.0,80469216.0,3,3,0.0,1111880.0,1
31,NonResidential,10164.285714285714,1,DOWNTOWN,1.0,7,Hotel,1.0,13730.0,5348309.0,2,3,9604.0,64674.0,0
108,NonResidential,17544.285714285714,1,DOWNTOWN,1.0,7,Hotel,1.0,26450.0,5401277.5,2,3,8000.0,122810.0,0
57,NonResidential,22634.6,0,LAKE UNION,1.0,5,Hotel,0.6240622763379958,42546.0,5284343.5,2,2,0.0,113173.0,0
16,NonResidential,21493.285714285714,0,LAKE UNION,1.0,7,Hotel,0.7691305590450174,3000.0,6715187.0,2,2,0.0,110547.0,0
19,NonResidential,19383.333333333332,0,LAKE UNION,1.0,6,Hotel,0.7575236457437661,28300.0,5827595.5,2,2,0.0,116790.0,0
18,NonResidential,25933.666666666668,0,MAGNOLIA / QUEEN ANNE,1.0,6,Hotel,0.7638590763614863,0.0,6836900.0,2,1,0.0,155602.0,0
105,NonResidential,18690.666666666668,0,EAST,1.0,3,K-12 School,1.0,0.0,3234787.75,2,1,0.0,56072.0,0
17,NonResidential,30735.5,0,MAGNOLIA / QUEEN ANNE,1.0,4,Hotel,0.6348603406484359,44891.0,5337334.0,2,2,0.0,122942.0,0
54,NonResidential,27492.0,0,CENTRAL,1.0,2,Small- and Mid-Sized Office,1.0,0.0,3375211.0,2,1,0.0,54984.0,0
94,NonResidential,43520.6,0,SOUTHWEST,1.0,5,Senior Care Community,1.0,0.0,42792072.0,2,2,0.0,296313.0,0
46,NonResidential,46698.5,0,NORTHWEST,1.0,2,Senior Care Community,1.0,0.0,16402563.0,2,1,0.0,93397.0,0
8,NonResidential,14017.166666666666,0,LAKE UNION,1.0,6,Hotel,0.7534927410437202,20732.0,3706100.25,2,2,0.0,84103.0,0
68,SPS-District K-12,26676.0,0,SOUTHWEST,1.0,2,K-12 School,1.0,0.0,0.0,1,1,0.0,65568.0,0
51,NonResidential,59671.333333333336,0,EAST,0.0,3,Medical Office,1.0,0.0,16701055.0,2,1,0.0,179014.0,0
108,NonResidential,10947.285714285714,0,EAST,1.0,7,Hotel,1.0,0.0,7258758.5,2,1,0.0,76631.0,0
33,NonResidential,16630.0,1,EAST,1.0,6,Mixed Use Property,0.9063840448987773,20868.0,15473117.0,2,3,17020.0,78062.0,1
87,NonResidential,29160.0,0,LAKE UNION,1.0,2,Retail Store,1.0,0.0,1049748.625,2,1,0.0,72072.0,0
6,NonResidential,63261.2,1,LAKE UNION,1.0,5,Large Office,1.0,150726.0,13795954.0,2,3,15139.0,427691.0,0
26,NonResidential,40409.0,0,LAKE UNION,1.0,7,Hotel,0.8417396407448129,51537.0,19459304.0,2,2,0.0,287325.0,0
54,Nonresidential COS,389000.0,0,MAGNOLIA / QUEEN ANNE,1.0,1,Other,1.0,0.0,23658978.0,3,1,0.0,368000.0,1
54,Nonresidential COS,91213.0,0,MAGNOLIA / QUEEN ANNE,1.0,1,Other,1.0,0.0,8141155.5,2,1,0.0,65000.0,1
78,Nonresidential COS,79217.0,0,MAGNOLIA / QUEEN ANNE,1.0,5,Other,1.0,0.0,20955026.0,2,1,0.0,278500.0,1
6,NonResidential,47610.75,1,LAKE UNION,1.0,12,Large Office,1.0,310699.0,39605888.0,2,3,26203.0,935703.0,0
54,Nonresidential COS,26000.0,0,MAGNOLIA / QUEEN ANNE,1.0,2,Other,1.0,0.0,2726369.0,2,1,0.0,52000.0,1
88,Nonresidential COS,60696.0,0,MAGNOLIA / QUEEN ANNE,1.0,1,Other,1.0,0.0,875943.3125,1,1,0.0,108000.0,0
88,Nonresidential COS,131024.0,0,MAGNOLIA / QUEEN ANNE,1.0,2,Other,1.0,0.0,20723248.0,2,1,0.0,296000.0,1
30,NonResidential,33120.0,1,MAGNOLIA / QUEEN ANNE,0.0,2,Small- and Mid-Sized Office,0.9644927536231884,5181.0,4166306.25,1,3,4551.0,55632.0,0
6,NonResidential,153433.0,1,MAGNOLIA / QUEEN ANNE,1.0,6,Large Office,0.6700981318664607,185014.0,36667044.0,2,3,6000.0,920598.0,0
46,NonResidential,19053.25,1,MAGNOLIA / QUEEN ANNE,1.0,4,Small- and Mid-Sized Office,0.6597693306916143,21454.0,3476212.5,2,3,2406.0,72406.0,0
14,NonResidential,16151.666666666666,0,MAGNOLIA / QUEEN ANNE,1.0,6,Hotel,0.6188835001547828,36934.0,5155568.5,2,2,0.0,96910.0,0
54,NonResidential,12504.25,0,NORTHEAST,2.0,4,Hotel,1.0,0.0,5448975.0,2,2,0.0,50017.0,0
17,SPS-District K-12,24822.666666666668,0,DELRIDGE,1.0,3,K-12 School,1.0,0.0,0.0,1,1,0.0,75364.0,0
93,NonResidential,22581.0,0,EAST,1.0,3,K-12 School,1.0,0.0,2646879.0,2,1,0.0,67743.0,0
108,NonResidential,32350.666666666668,0,EAST,1.0,6,K-12 School,1.0,0.0,6219841.5,2,1,0.0,194104.0,0
13,NonResidential,33144.333333333336,0,SOUTHEAST,1.0,3,Small- and Mid-Sized Office,0.6404413021833798,35752.0,4897760.0,1,2,0.0,99433.0,0
25,SPS-District K-12,29466.5,0,SOUTHEAST,1.0,2,K-12 School,1.0,0.0,0.0,1,1,0.0,60725.0,0
59,SPS-District K-12,130862.0,0,GREATER DUWAMISH,1.0,1,K-12 School,1.0,0.0,6456026.0,2,1,0.0,134446.0,0
27,SPS-District K-12,19985.0,0,SOUTHEAST,1.0,3,K-12 School,1.0,0.0,1633399.375,2,1,0.0,59955.0,0
52,SPS-District K-12,46609.0,0,MAGNOLIA / QUEEN ANNE,1.0,2,K-12 School,1.0,0.0,2887392.0,2,1,0.0,93218.0,0
75,NonResidential,14130.25,0,NORTHEAST,1.0,4,Other,1.0,0.0,6357632.0,1,1,0.0,49000.0,0
87,NonResidential,103467.0,0,NORTHEAST,1.0,2,Other,1.0,0.0,4253577.5,2,2,0.0,119146.0,0
15,NonResidential,12847.5,0,NORTHWEST,1.0,4,Hotel,1.0,0.0,3611538.0,2,2,0.0,51390.0,0
53,SPS-District K-12,65506.5,0,NORTHWEST,1.0,2,K-12 School,1.0,0.0,3894584.5,2,1,0.0,131909.0,0
57,SPS-District K-12,245587.0,0,NORTHWEST,1.0,1,K-12 School,1.0,0.0,11765682.0,2,1,0.0,245587.0,0
14,NonResidential,23046.0,0,NORTHWEST,1.0,3,Hotel,1.0,0.0,3242458.0,2,1,0.0,70609.0,0
25,SPS-District K-12,22196.0,0,LAKE UNION,1.0,3,K-12 School,1.0,0.0,0.0,1,1,0.0,66588.0,0
112,NonResidential,38196.0,0,DOWNTOWN,1.0,5,Hotel,1.0,19051.0,6505995.0,2,2,0.0,210031.0,0
18,Nonresidential COS,47350.0,0,DOWNTOWN,1.0,6,Other,1.0,0.0,14641502.0,3,1,0.0,189750.0,1
62,NonResidential,57066.6,0,BALLARD,4.0,5,Hospital,1.0,148865.0,68090728.0,2,2,0.0,451526.0,0
25,SPS-District K-12,27756.5,0,Ballard,1.0,2,K-12 School,1.0,0.0,1513570.75,1,1,0.0,59097.0,0
10,Nonresidential COS,15289.0,0,DOWNTOWN,1.0,4,Other,1.0,29219.0,9363374.0,2,2,0.0,71974.0,0
106,NonResidential,18205.0,0,DOWNTOWN,1.0,4,Other,0.8102169733589674,0.0,2010454.625,2,1,0.0,58000.0,0
20,NonResidential,40555.5,0,MAGNOLIA / QUEEN ANNE,1.0,4,Hotel,0.9124656335145664,32692.0,7946961.0,2,2,0.0,146394.0,0
26,SPS-District K-12,72397.0,0,SOUTHEAST,1.0,4,K-12 School,1.0,0.0,8819852.0,2,1,0.0,289588.0,0
101,NonResidential,21110.0,0,EAST,1.0,3,University,1.0,0.0,3059758.0,2,1,0.0,64820.0,0
46,Campus,220535.5,0,DELRIDGE,27.0,2,University,1.0,0.0,38301744.0,2,1,0.0,483000.0,0
14,NonResidential,48150.0,0,NORTHEAST,1.0,2,Small- and Mid-Sized Office,1.0,4944.0,16319835.0,2,2,0.0,97244.0,0
66,Nonresidential COS,67356.0,0,GREATER DUWAMISH,1.0,1,Other,1.0,0.0,7475577.5,2,1,0.0,68359.0,0
8,SPS-District K-12,84841.0,0,CENTRAL,1.0,3,K-12 School,1.0,0.0,13567774.0,2,1,0.0,254523.0,0
15,SPS-District K-12,26268.0,0,SOUTHEAST,1.0,3,K-12 School,1.0,0.0,2499140.0,2,1,0.0,78804.0,0
14,SPS-District K-12,22331.333333333332,0,CENTRAL,1.0,3,K-12 School,1.0,0.0,2371304.5,2,1,0.0,66994.0,0
16,SPS-District K-12,32785.666666666664,0,GREATER DUWAMISH,1.0,3,K-12 School,1.0,0.0,3456131.5,2,1,0.0,98357.0,0
58,NonResidential,54765.0,0,GREATER DUWAMISH,1.0,1,Small- and Mid-Sized Office,1.0,25000.0,4253369.5,2,2,0.0,50765.0,0
7,NonResidential,17964.2,1,GREATER DUWAMISH,1.0,5,Other,1.0,37938.0,1950092.5,2,3,4579.0,89000.0,0
36,NonResidential,26305.5,0,MAGNOLIA / QUEEN ANNE,1.0,2,University,1.0,0.0,4116871.5,2,1,0.0,52611.0,0
15,NonResidential,34900.0,0,MAGNOLIA / QUEEN ANNE,1.0,4,Residence Hall,0.7313753581661891,0.0,4448582.5,2,1,0.0,135520.0,0
5,SPS-District K-12,118379.0,0,NORTH,1.0,2,K-12 School,1.0,0.0,8355988.5,2,2,0.0,238550.0,0
45,NonResidential,41830.166666666664,0,CENTRAL,3.0,6,Other,1.0,78357.0,13071700.0,3,2,0.0,215922.0,1
14,SPS-District K-12,20842.0,0,NORTHWEST,1.0,3,K-12 School,1.0,0.0,1986094.875,2,1,0.0,62526.0,0
12,NonResidential,27188.18181818182,0,DOWNTOWN,1.0,11,Other,0.7711840037449427,0.0,65336980.0,2,1,0.0,250000.0,0
9,NonResidential,21338.333333333332,1,GREATER DUWAMISH,1.0,3,Small- and Mid-Sized Office,1.0,15000.0,3242077.75,2,3,9015.0,54015.0,0
65,NonResidential,530039.0,0,NORTH,1.0,1,Retail Store,1.0,24936.0,27717034.0,2,2,0.0,530039.0,0
52,NonResidential,18074.666666666668,0,NORTH,1.0,3,Other,1.0,0.0,7265178.0,2,1,0.0,47012.0,0
51,NonResidential,31085.5,0,NORTH,1.0,4,Retail Store,1.0,0.0,8765978.0,2,1,0.0,122000.0,0
63,NonResidential,87900.0,0,NORTHEAST,6.0,10,Hospital,1.0,0.0,253832464.0,2,1,0.0,879000.0,0
20,NonResidential,18480.666666666668,1,NORTHWEST,1.0,3,Other,1.0,15385.0,3191228.25,2,3,8644.0,52665.0,0
17,SPS-District K-12,121397.5,0,BALLARD,1.0,2,K-12 School,1.0,0.0,9157150.0,2,1,0.0,242795.0,0
106,NonResidential,16974.0,0,EAST,1.0,5,Self-Storage Facility,1.0,0.0,1381590.125,2,1,0.0,85521.0,0
46,Campus,347036.0,0,NORTHWEST,11.0,2,University,0.8391737456632741,0.0,35891484.0,2,1,0.0,667335.0,0
64,SPS-District K-12,86592.5,0,SOUTHEAST,1.0,2,K-12 School,1.0,0.0,6127771.5,2,1,0.0,173185.0,0
53,SPS-District K-12,145341.0,0,DELRIDGE,1.0,1,K-12 School,1.0,0.0,5499097.0,2,1,0.0,139069.0,0
112,NonResidential,28574.25,0,GREATER DUWAMISH,1.0,4,Warehouse,1.0,0.0,2100097.75,2,1,0.0,114297.0,0
56,SPS-District K-12,92062.5,0,SOUTHEAST,1.0,2,K-12 School,1.0,0.0,8800292.0,2,1,0.0,184125.0,0
57,SPS-District K-12,160270.0,0,BALLARD,1.0,1,K-12 School,1.0,0.0,0.0,1,1,0.0,160270.0,0
79,NonResidential,234144.0,0,GREATER DUWAMISH,1.0,1,Warehouse,1.0,0.0,6744317.0,2,1,0.0,234144.0,0
50,NonResidential,64984.0,0,DELRIDGE,1.0,1,Retail Store,1.0,0.0,2944296.25,2,1,0.0,65425.0,0
51,NonResidential,67745.0,0,DELRIDGE,1.0,1,Retail Store,1.0,0.0,9230223.0,2,1,0.0,67782.0,0
6,SPS-District K-12,183942.0,0,DELRIDGE,1.0,2,K-12 School,1.0,0.0,12265516.0,2,1,0.0,367884.0,0
58,SPS-District K-12,46797.0,0,DELRIDGE,1.0,1,K-12 School,1.0,0.0,2075891.0,2,1,0.0,46797.0,0
53,SPS-District K-12,45396.0,0,CENTRAL,1.0,3,K-12 School,1.0,0.0,0.0,1,1,0.0,136188.0,0
43,NonResidential,18666.666666666668,0,BALLARD,1.0,3,Other,1.0,0.0,1851260.5,2,1,0.0,56000.0,0
12,SPS-District K-12,33685.5,0,SOUTHEAST,1.0,2,K-12 School,1.0,0.0,2128459.0,2,1,0.0,67371.0,0
47,NonResidential,26044.0,0,SOUTHWEST,1.0,2,Self-Storage Facility,1.0,0.0,1377519.5,2,1,0.0,52088.0,0
6,SPS-District K-12,42592.0,0,LAKE UNION,1.0,3,K-12 School,1.0,0.0,4748137.0,2,1,0.0,127776.0,0
18,NonResidential,24784.0,1,LAKE UNION,1.0,5,Hotel,0.7579083279535184,30000.0,9373179.0,2,3,0.0,153920.0,0
116,Nonresidential COS,50000.0,0,LAKE UNION,1.0,1,Other,1.0,0.0,7548807.0,2,1,0.0,43000.0,0
90,Nonresidential COS,25146.0,1,MAGNOLIA / QUEEN ANNE,1.0,2,Warehouse,1.0,5000.0,430473.6875,1,3,4730.0,52075.0,0
18,NonResidential,29665.14285714286,0,MAGNOLIA / QUEEN ANNE,1.0,7,Hotel,0.7383124012790384,0.0,11171988.0,2,1,0.0,141591.0,0
17,SPS-District K-12,33617.5,0,BALLARD,1.0,2,K-12 School,1.0,0.0,2284133.75,2,1,0.0,67235.0,0
59,Nonresidential COS,45565.0,1,NORTHWEST,1.0,2,Small- and Mid-Sized Office,1.0,32881.0,9472358.0,2,3,11850.0,102699.0,0
25,SPS-District K-12,19372.666666666668,0,SOUTHWEST,1.0,3,K-12 School,1.0,0.0,1407277.25,2,1,0.0,59014.0,0
48,NonResidential,16223.25,0,NORTHWEST,1.0,4,Hotel,1.0,0.0,6197825.0,2,1,0.0,64893.0,0
27,SPS-District K-12,26396.0,0,NORTH,1.0,2,K-12 School,1.0,0.0,0.0,0,1,0.0,55480.0,0
91,SPS-District K-12,70762.0,0,GREATER DUWAMISH,1.0,1,K-12 School,1.0,0.0,3606416.0,2,1,0.0,70762.0,0
116,NonResidential,14852.666666666666,1,DOWNTOWN,1.0,3,Small- and Mid-Sized Office,1.0,7672.0,1677002.25,2,3,2470.0,44558.0,0
17,NonResidential,264326.6666666667,0,GREATER DUWAMISH,1.0,6,Other,0.7933869706676082,0.0,59757440.0,2,2,0.0,1585960.0,0
92,Nonresidential COS,89580.5,1,GREATER DUWAMISH,1.0,2,Distribution Center,1.0,37321.0,9436408.0,2,3,25543.0,180340.0,0
51,Nonresidential COS,29320.0,1,GREATER DUWAMISH,1.0,2,Warehouse,1.0,16735.0,3928695.25,1,3,11533.0,69099.0,0
17,NonResidential,390709.0,0,GREATER DUWAMISH,1.0,3,Other,1.0,0.0,58761304.0,2,1,0.0,1172127.0,0
11,NonResidential,18716.555555555555,1,GREATER DUWAMISH,1.0,9,Hotel,0.9135227873124804,20600.0,12726789.0,2,3,9216.0,164822.0,0
100,NonResidential,19900.0,0,GREATER DUWAMISH,0.0,4,Warehouse,1.0,0.0,2411402.25,1,1,0.0,79600.0,0
19,SPS-District K-12,60266.5,0,LAKE UNION,1.0,4,K-12 School,1.0,0.0,7791957.0,2,1,0.0,241066.0,0
36,Campus,167184.0,1,GREATER DUWAMISH,14.0,2,Large Office,0.9046738922384917,72963.0,53466684.0,2,3,16766.0,330713.0,0
8,NonResidential,69974.66666666667,1,NORTH,1.0,6,Other,0.20183256797698215,65000.0,9134963.0,2,3,13567.0,413676.0,0
14,NonResidential,27696.25,1,MAGNOLIA / QUEEN ANNE,1.0,4,Mixed Use Property,1.0,48520.0,10557910.0,2,3,29839.0,136922.0,0
17,NonResidential,0.0,1,DOWNTOWN,1.0,0,Hotel,1.0,438756.0,65047284.0,2,3,49700.0,983992.0,0
26,NonResidential,119503.8,0,CENTRAL,6.0,5,Hospital,1.0,48607.0,143423024.0,2,2,0.0,650222.0,0
17,SPS-District K-12,71714.0,0,DELRIDGE,1.0,1,K-12 School,1.0,0.0,2371358.0,2,1,0.0,71714.0,0
25,NonResidential,25132.333333333332,0,LAKE UNION,1.0,3,Warehouse,0.8917596190829874,8161.0,549181.375,2,2,0.0,75397.0,0
16,NonResidential,144836.375,0,EAST,9.0,8,Hospital,1.0,387651.0,293090784.0,3,2,0.0,1737833.0,1
17,NonResidential,20559.2,1,DOWNTOWN,1.0,5,Senior Care Community,0.8773201291879061,40091.0,10105379.0,2,3,3231.0,98581.0,0
14,SPS-District K-12,104490.5,0,SOUTHWEST,1.0,2,K-12 School,1.0,0.0,8164853.0,2,1,0.0,208981.0,0
88,NonResidential,27826.5,0,NORTHEAST,1.0,2,K-12 School,1.0,0.0,1377627.0,2,1,0.0,55500.0,0
85,NonResidential,6678.75,0,NORTHEAST,1.0,16,Hotel,1.0,0.0,11935719.0,2,1,0.0,106860.0,0
44,NonResidential,10151.8,0,NORTH,1.0,5,Small- and Mid-Sized Office,1.0,3680.0,3147042.0,2,2,0.0,50759.0,0
64,NonResidential,28386.0,0,NORTHEAST,1.0,2,Worship Facility,1.0,0.0,2439484.75,2,1,0.0,56772.0,0
64,NonResidential,34333.333333333336,0,NORTHEAST,1.0,3,Worship Facility,1.0,0.0,4854429.5,2,1,0.0,103000.0,0
10,SPS-District K-12,89765.66666666667,0,NORTHEAST,1.0,3,K-12 School,1.0,0.0,10498344.0,2,1,0.0,269297.0,0
15,SPS-District K-12,25058.0,0,NORTHEAST,1.0,3,K-12 School,1.0,0.0,2733846.0,2,1,0.0,75174.0,0
13,SPS-District K-12,25071.333333333332,0,MAGNOLIA / QUEEN ANNE,1.0,3,K-12 School,1.0,0.0,2334260.0,2,1,0.0,75214.0,0
11,SPS-District K-12,44972.666666666664,0,SOUTHWEST,1.0,3,K-12 School,1.0,0.0,3822102.5,2,1,0.0,134918.0,0
25,SPS-District K-12,32207.0,0,CENTRAL,1.0,2,K-12 School,1.0,0.0,2295176.5,1,1,0.0,65310.0,0
89,SPS-District K-12,30812.333333333332,0,NORTHWEST,1.0,3,K-12 School,1.0,0.0,4626443.0,2,1,0.0,92437.0,0
102,NonResidential,18395.14285714286,1,DOWNTOWN,1.0,7,Other,1.0,12876.0,6057410.0,2,3,6136.0,128766.0,0
103,NonResidential,11952.444444444445,1,DOWNTOWN,1.0,9,Residence Hall,1.0,27143.0,5572503.0,2,3,10568.0,101645.0,1
61,NonResidential,15392.0,0,DOWNTOWN,1.0,15,Other,1.0,0.0,62197176.0,1,1,0.0,203000.0,0
9,SPS-District K-12,68320.33333333333,0,GREATER DUWAMISH,1.0,3,K-12 School,1.0,0.0,8190809.0,2,1,0.0,204961.0,0
43,NonResidential,76086.0,0,MAGNOLIA / QUEEN ANNE,1.0,1,Other,1.0,0.0,3267564.0,2,1,0.0,77810.0,0
89,NonResidential,38000.0,0,MAGNOLIA / QUEEN ANNE,1.0,5,Medical Office,0.7947368421052632,9805.0,28731502.0,2,2,0.0,156546.0,0
55,NonResidential,30577.25,0,DOWNTOWN,1.0,4,Hotel,1.0,0.0,25453690.0,2,1,0.0,122309.0,0
21,Campus,71825.33333333333,0,DOWNTOWN,4.0,3,Other,1.0,0.0,24017770.0,2,1,0.0,217088.0,0
13,NonResidential,31784.125,0,DOWNTOWN,1.0,8,Hotel,0.8474081007421158,0.0,26659244.0,2,1,0.0,277000.0,0
36,Nonresidential COS,34700.0,0,DOWNTOWN,1.0,2,Other,1.0,0.0,14833476.0,2,1,0.0,69400.0,0
116,NonResidential,62900.0,1,DOWNTOWN,1.0,1,Mixed Use Property,1.0,29793.0,10394330.0,2,3,3384.300049,65671.300049,0
102,NonResidential,14125.0,0,DOWNTOWN,1.0,4,Small- and Mid-Sized Office,1.0,7000.0,1380293.625,2,2,0.0,40000.0,1
8,NonResidential,50876.0,0,GREATER DUWAMISH,1.0,4,Warehouse,1.0,44132.0,3785282.5,1,2,0.0,203504.0,0
48,NonResidential,33578.0,0,DOWNTOWN,0.0,3,Large Office,0.7346377588500407,0.0,9788717.0,1,1,0.0,100734.0,0
35,NonResidential,19415.5,0,DOWNTOWN,1.0,4,Small- and Mid-Sized Office,0.7617367567149957,17570.0,5007401.0,2,2,0.0,79678.0,0
38,NonResidential,19500.0,1,DOWNTOWN,1.0,12,Large Office,0.9068803418803418,29865.0,18661606.0,2,3,25373.0,229024.0,0
27,NonResidential,14799.84,0,DOWNTOWN,1.0,25,Large Office,1.0,127192.0,24755086.0,1,2,0.0,511134.0,0
91,NonResidential,69345.0,0,DOWNTOWN,1.0,10,Retail Store,1.0,332343.0,40062888.0,3,2,0.0,693450.0,1
40,NonResidential,23981.696969696968,1,DOWNTOWN,1.0,33,Large Office,1.0,132465.0,40847752.0,2,3,33110.0,787609.0,0
16,NonResidential,32510.739130434784,1,DOWNTOWN,1.0,23,Large Office,0.7257414606812197,219045.0,30985420.0,2,3,9337.0,770843.0,0
90,NonResidential,6340.9,0,DOWNTOWN,1.0,10,Small- and Mid-Sized Office,0.8776672081250295,6187.0,3444270.0,2,2,0.0,51447.0,1
86,NonResidential,12046.470588235294,1,DOWNTOWN,1.0,17,Large Office,0.8535084720933639,17070.0,7739699.0,2,3,14666.0,173770.0,0
100,NonResidential,14679.8,0,DOWNTOWN,1.0,5,Small- and Mid-Sized Office,1.0,9976.0,3757006.0,1,2,0.0,61533.0,0
47,NonResidential,13292.55,0,DOWNTOWN,1.0,20,Large Office,0.8783754810025165,29214.0,14633233.0,2,2,0.0,255668.0,1
7,NonResidential,30321.72,0,DOWNTOWN,1.0,25,Large Office,0.6983442891762077,191082.0,27018020.0,2,2,0.0,773807.0,0
48,NonResidential,17166.666666666668,0,DOWNTOWN,1.0,12,Large Office,1.0,51250.0,8580279.0,2,2,0.0,212250.0,1
7,NonResidential,22913.527777777777,0,DOWNTOWN,1.0,36,Large Office,0.812129418938594,161119.0,39523852.0,1,2,0.0,904681.0,0
26,NonResidential,30052.5,1,DOWNTOWN,1.0,16,Large Office,0.7055153481407537,123356.0,17867002.0,2,3,18239.0,453331.0,0
116,NonResidential,12792.857142857143,1,DOWNTOWN,1.0,7,Small- and Mid-Sized Office,1.0,10058.0,3903259.75,2,3,7030.0,81800.0,1
116,NonResidential,14892.5,0,DOWNTOWN,1.0,6,Small- and Mid-Sized Office,1.0,7000.0,4178233.5,2,2,0.0,89355.0,0
94,NonResidential,25928.933333333334,0,DOWNTOWN,1.0,15,Large Office,1.0,0.0,18576900.0,2,1,0.0,388934.0,1
87,NonResidential,17468.272727272728,1,DOWNTOWN,1.0,22,Large Office,1.0,3291.899902,10062436.0,1,3,1437.0,353697.899902,0
58,NonResidential,22266.176470588234,1,DOWNTOWN,1.0,17,Large Office,0.7765008916187834,83311.0,24906132.0,2,3,14679.0,334817.0,1
33,NonResidential,28150.106382978724,1,DOWNTOWN,1.0,47,Large Office,1.0,272682.0,44683660.0,2,3,37595.0,1321412.0,0
30,NonResidential,14388.317073170732,1,DOWNTOWN,1.0,41,Large Office,0.7805943507690013,107667.0,24603420.0,1,3,10290.0,588373.0,0
66,NonResidential,15181.833333333334,0,DOWNTOWN,1.0,6,Small- and Mid-Sized Office,0.9847185781251715,1392.0,1835804.875,2,2,0.0,91091.0,1
48,NonResidential,19742.625,0,DOWNTOWN,1.0,8,Large Office,0.6011611931037539,15401.0,3743228.5,1,2,0.0,100239.0,0
25,NonResidential,21907.0,1,DOWNTOWN,1.0,29,Large Office,0.6895481368732715,194435.0,18221224.0,2,3,6122.0,723224.0,1
58,NonResidential,28807.0,1,DOWNTOWN,1.0,6,Large Office,0.8500364494740862,39336.0,41399504.0,2,3,25000.0,164226.0,0
36,NonResidential,22845.941176470587,0,DOWNTOWN,1.0,34,Large Office,0.7906643218901027,154947.0,32552428.0,2,2,0.0,760997.0,0
44,NonResidential,13340.57142857143,1,DOWNTOWN,1.0,14,Large Office,0.8727030326394243,33671.0,9641043.0,2,3,240.0,216451.0,1
47,NonResidential,22927.244897959183,1,DOWNTOWN,1.0,49,Large Office,0.6715608824720611,232248.0,45163308.0,2,3,30329.0,1071557.0,0
14,NonResidential,28445.108108108107,1,DOWNTOWN,1.0,37,Large Office,0.8437768713377781,185581.0,41213584.0,1,3,103478.0,1054410.0,0
43,NonResidential,14706.761904761905,1,DOWNTOWN,1.0,42,Large Office,0.7223499394512405,189600.0,69519808.0,2,3,18026.0,789184.0,1
109,NonResidential,25185.0,1,DOWNTOWN,1.0,8,Large Office,1.0,29094.0,8921778.0,2,3,10624.0,201480.0,1
26,Nonresidential COS,21507.73015873016,1,DOWNTOWN,1.0,63,Large Office,0.8822128920794075,159599.0,61576184.0,1,3,18656.0,1369370.0,0
15,Nonresidential COS,22177.85714285714,1,DOWNTOWN,1.0,14,Large Office,1.0,28394.0,21169502.0,2,3,600.0,298278.0,0
13,Nonresidential COS,24941.25,1,DOWNTOWN,1.0,8,Large Office,0.8463388964065554,18590.0,13214416.0,2,3,17480.0,196488.0,0
10,NonResidential,28634.0,0,DOWNTOWN,1.0,13,Large Office,0.8584173736440273,52703.0,13843866.0,2,2,0.0,372242.0,0
107,NonResidential,16342.142857142857,0,DOWNTOWN,1.0,7,Large Office,0.9274793478735959,0.0,2746560.75,2,1,0.0,96582.0,0
38,NonResidential,44600.0,0,NORTHEAST,1.0,2,Retail Store,1.0,0.0,6461937.0,2,1,0.0,89200.0,0
45,NonResidential,20632.434782608696,0,NORTHEAST,1.0,23,Large Office,1.0,0.0,28450436.0,1,1,0.0,474546.0,0
47,NonResidential,7200.0,0,NORTHEAST,1.0,5,Other,1.0,0.0,30038490.0,1,1,0.0,36000.0,0
55,NonResidential,19801.0,0,NORTHEAST,0.0,5,Small- and Mid-Sized Office,1.0,0.0,4728488.5,2,1,0.0,79555.0,0
14,NonResidential,22508.5,0,NORTHEAST,1.0,6,Large Office,0.6723608118414525,42500.0,4426136.0,1,2,0.0,138443.0,0
14,NonResidential,44129.8,0,NORTHEAST,1.0,5,Large Office,0.625105937484421,90000.0,7046345.5,1,2,0.0,235754.0,0
52,NonResidential,18732.0,0,DOWNTOWN,1.0,5,Self-Storage Facility,1.0,0.0,873221.875,1,1,0.0,93660.0,0
36,NonResidential,22984.166666666668,0,DOWNTOWN,1.0,18,Large Office,0.843708833375633,69634.0,24224888.0,1,2,0.0,417904.0,0
16,NonResidential,34671.0,1,DOWNTOWN,1.0,11,Mixed Use Property,0.48707198313497524,164192.0,9765777.0,2,3,37782.0,384794.0,0
28,NonResidential,24875.65,0,DOWNTOWN,1.0,20,Large Office,0.7613248297029425,114510.0,26823218.0,2,2,0.0,482133.0,0
37,NonResidential,22661.5,0,DOWNTOWN,1.0,24,Large Office,0.7853904198751186,107300.0,25307744.0,1,2,0.0,531344.0,0
36,NonResidential,27336.75,1,DOWNTOWN,1.0,4,Mixed Use Property,0.6460808252626958,38700.0,8218155.5,2,3,28258.0,109347.0,0
34,NonResidential,66104.33333333333,0,DOWNTOWN,1.0,6,Large Office,0.6868183124656477,122624.0,20361158.0,1,2,0.0,396626.0,0
14,NonResidential,47911.833333333336,1,DOWNTOWN,1.0,6,Large Office,0.7092193647359212,72178.0,14913424.0,1,3,5322.0,269314.0,0
69,NonResidential,64210.0,0,DOWNTOWN,1.0,3,Large Office,0.7481596843689976,48199.0,5357833.0,2,2,0.0,194356.0,0
32,NonResidential,31637.875,1,DOWNTOWN,1.0,8,Large Office,0.755095751531985,70190.0,29949248.0,1,3,21782.0,250653.0,0
60,NonResidential,60880.0,0,NORTHWEST,1.0,1,Supermarket / Grocery Store,1.0,0.0,14293972.0,2,1,0.0,61666.0,0
116,NonResidential,10035.2,1,DOWNTOWN,1.0,5,Small- and Mid-Sized Office,1.0,8329.0,2933288.75,2,3,4253.0,62910.0,0
104,NonResidential,7246.333333333333,1,DOWNTOWN,1.0,42,Large Office,1.0,8429.0,23262244.0,3,3,7518.0,260975.0,1
39,NonResidential,128800.0,0,GREATER DUWAMISH,1.0,1,Warehouse,1.0,9600.0,1809101.5,2,2,0.0,128800.0,0
89,NonResidential,40243.125,1,DOWNTOWN,1.0,8,Large Office,1.0,39355.0,13656587.0,2,3,19787.0,226061.0,1
52,NonResidential,15287.727272727272,1,DOWNTOWN,1.0,22,Large Office,1.0,66430.0,18967014.0,3,3,7438.0,330167.0,1
56,NonResidential,14210.761904761905,1,DOWNTOWN,1.0,21,Large Office,1.0,197750.0,27076922.0,2,3,11888.0,496176.0,1
40,NonResidential,15138.666666666666,1,DOWNTOWN,1.0,42,Large Office,1.0,40000.0,48479988.0,1,3,19671.0,778144.0,0
93,NonResidential,45192.083333333336,0,DOWNTOWN,1.0,12,Hotel,1.0,0.0,56485204.0,3,2,0.0,542305.0,1
36,NonResidential,145970.0,0,SOUTHEAST,1.0,2,Retail Store,1.0,100000.0,11688601.0,2,2,0.0,291940.0,0
46,NonResidential,88400.0,1,GREATER DUWAMISH,0.0,1,Mixed Use Property,1.0,29620.0,4383100.5,2,3,27715.0,90785.0,0
56,NonResidential,52311.0,0,NORTHWEST,1.0,1,Warehouse,1.0,0.0,930611.875,2,1,0.0,51116.0,0
7,NonResidential,28226.2,0,LAKE UNION,1.0,5,Other,0.5060617440533972,71643.0,3085814.0,1,2,0.0,146474.0,0
15,NonResidential,35306.4,0,LAKE UNION,1.0,5,Large Office,0.6030917907234948,70067.0,5803409.0,1,2,0.0,173561.0,0
43,NonResidential,52500.0,0,BALLARD,1.0,1,Warehouse,1.0,5853.0,3989399.0,2,2,0.0,55248.0,0
57,NonResidential,28650.0,0,BALLARD,1.0,2,Warehouse,1.0,28299.0,4560492.0,2,2,0.0,57300.0,0
100,NonResidential,58385.0,1,DOWNTOWN,1.0,6,Large Office,1.0,26900.0,18102026.0,2,3,7666.0,339799.0,0
28,NonResidential,25454.545454545456,1,DOWNTOWN,1.0,55,Large Office,0.7964285714285714,264481.0,53079164.0,3,3,133598.0,1392195.0,1
86,NonResidential,14549.904761904761,0,DOWNTOWN,1.0,21,Hotel,1.0,0.0,33729336.0,3,1,0.0,310000.0,1
27,NonResidential,33404.47826086957,1,DOWNTOWN,1.0,46,Large Office,0.6664024479925238,377046.0,56606136.0,2,3,53116.0,1432565.0,0
58,NonResidential,13591.8,0,DOWNTOWN,1.0,10,Large Office,1.0,0.0,6423556.5,2,1,0.0,144570.0,1
102,NonResidential,19989.25,0,DOWNTOWN,1.0,4,Retail Store,1.0,29723.0,5252131.0,1,2,0.0,65417.0,0
95,NonResidential,31817.0,1,DOWNTOWN,1.0,4,Large Office,1.0,53971.0,7711757.5,3,3,5000.0,121483.0,1
33,NonResidential,17241.379310344826,1,DOWNTOWN,1.0,29,Large Office,1.0,80005.0,18848780.0,1,3,14528.0,505834.0,0
90,NonResidential,13232.6,1,DOWNTOWN,0.0,10,Large Office,1.0,12610.0,6029020.0,3,3,9835.0,114451.0,1
32,NonResidential,18305.0,1,DOWNTOWN,1.0,6,Large Office,0.8798142583993445,13200.0,7335905.5,1,3,5000.0,101685.0,0
43,NonResidential,17477.21052631579,0,DOWNTOWN,0.0,19,Hotel,0.8214818093938874,0.0,37785552.0,3,1,0.0,332067.0,1
106,NonResidential,13051.3,1,DOWNTOWN,1.0,10,Large Office,1.0,32264.0,11651200.0,3,3,10858.0,130513.0,1
96,NonResidential,7582.5,0,DOWNTOWN,1.0,8,Small- and Mid-Sized Office,1.0,4800.0,2586116.0,1,2,0.0,46758.0,0
87,NonResidential,9810.714285714286,0,DOWNTOWN,1.0,14,Large Office,1.0,0.0,6366084.5,2,1,0.0,124508.0,1
87,NonResidential,10069.266666666666,0,DOWNTOWN,1.0,15,Large Office,1.0,0.0,5446624.0,2,1,0.0,125473.0,1
31,NonResidential,25166.666666666668,1,DOWNTOWN,1.0,30,Large Office,0.8216397350993377,126891.0,52226204.0,3,3,13422.0,783396.0,1
110,NonResidential,15885.0,0,DOWNTOWN,1.0,4,Small- and Mid-Sized Office,1.0,0.0,3518459.5,2,1,0.0,56747.0,0
89,NonResidential,13089.3,1,DOWNTOWN,1.0,10,Large Office,1.0,27177.0,6962073.0,1,3,6644.0,121746.0,0
106,NonResidential,15984.0,1,DOWNTOWN,1.0,5,Mixed Use Property,1.0,26640.0,3009463.75,1,3,13320.0,79920.0,0
108,Campus,34350.0,1,DOWNTOWN,1.0,4,Mixed Use Property,1.0,19182.0,14940504.0,2,3,14380.0,77640.0,0
20,NonResidential,24642.0,1,DOWNTOWN,1.0,6,Other,0.4154357059762465,40629.0,9671619.0,2,3,13039.0,118489.0,0
20,NonResidential,66833.75,1,DOWNTOWN,0.0,4,Other,0.3754652402416444,69947.0,7273155.5,2,3,27400.0,264307.0,0
27,NonResidential,28671.035714285714,1,DOWNTOWN,1.0,56,Large Office,0.7571840172199669,389860.0,49517704.0,3,3,30744.0,1735079.0,1
36,NonResidential,22072.0,1,DOWNTOWN,1.0,36,Large Office,1.0,36606.0,26689658.0,2,3,9975.0,794592.0,0
45,NonResidential,21728.761904761905,0,DOWNTOWN,1.0,21,Large Office,0.7957414355342053,106466.0,19397324.0,1,2,0.0,449418.0,0
30,NonResidential,9654.75,1,DOWNTOWN,1.0,12,Large Office,0.8693216637751711,11844.0,4757299.5,1,3,528.0,117160.0,0
17,NonResidential,21875.0,0,DOWNTOWN,1.0,4,Small- and Mid-Sized Office,0.8,1672.0,4549892.0,1,2,0.0,71762.0,0
18,NonResidential,34036.818181818184,0,DOWNTOWN,1.0,11,Large Office,0.5064809497736409,41829.0,13329024.0,1,2,0.0,192798.0,0
31,NonResidential,16125.0,0,DOWNTOWN,1.0,12,Other,0.8036175710594315,0.0,14436982.0,1,1,0.0,146689.0,0
93,NonResidential,9349.636363636364,0,DOWNTOWN,1.0,11,Large Office,1.0,7500.0,5327249.5,2,2,0.0,101379.0,1
91,NonResidential,13200.0,0,DOWNTOWN,1.0,4,Small- and Mid-Sized Office,1.0,12960.0,2429021.0,2,2,0.0,51840.0,0
103,Campus,25849.7,1,DOWNTOWN,3.0,10,Mixed Use Property,1.0,145594.0,20779796.0,2,3,103200.0,403794.0,1
87,NonResidential,107712.75,0,DOWNTOWN,1.0,8,Retail Store,1.0,380639.0,17666646.0,3,2,0.0,889981.0,1
17,NonResidential,41390.0,0,EAST,1.0,5,Other,0.529354916646533,0.0,19295226.0,2,1,0.0,206950.0,1
26,NonResidential,233333.33333333334,0,DOWNTOWN,1.0,6,Other,1.0,686750.0,0.0,0,2,0.0,1758750.0,0
28,NonResidential,5190.0,0,EAST,1.0,9,Other,1.0,0.0,4169431.5,2,1,0.0,46710.0,1
71,NonResidential,88666.66666666667,0,EAST,1.0,3,Medical Office,0.6090225563909775,104000.0,13911761.0,3,2,0.0,266000.0,1
24,NonResidential,49297.0,0,EAST,1.0,14,Medical Office,0.4091280547352925,270383.0,21156670.0,1,2,0.0,540767.0,0
15,NonResidential,63073.833333333336,1,LAKE UNION,1.0,6,Mixed Use Property,0.5305501753236287,108781.0,55073120.0,2,3,54184.0,327297.0,0
15,NonResidential,35639.0,1,LAKE UNION,1.0,6,Mixed Use Property,0.5093296669379052,54385.0,75073888.0,2,3,37721.0,197028.0,0
37,NonResidential,21803.4,0,LAKE UNION,1.0,5,Hotel,0.7302347340323069,0.0,9474745.0,2,1,0.0,109017.0,0
35,NonResidential,55146.8,0,MAGNOLIA / QUEEN ANNE,1.0,5,Large Office,0.8605467588327881,47404.0,16373232.0,1,2,0.0,275908.0,0
15,NonResidential,123061.0,0,GREATER DUWAMISH,1.0,1,Warehouse,1.0,0.0,1987934.625,1,1,0.0,123061.0,0
53,NonResidential,59090.0,0,GREATER DUWAMISH,1.0,1,Distribution Center,1.0,18818.0,2756214.75,2,2,0.0,59090.0,0
53,NonResidential,106000.0,0,GREATER DUWAMISH,1.0,1,Warehouse,1.0,0.0,763364.5,1,1,0.0,106001.0,0
54,NonResidential,52866.666666666664,1,LAKE UNION,1.0,3,Large Office,0.7578814627994955,32821.0,18309150.0,2,3,20000.0,178600.0,0
56,NonResidential,119661.0,0,GREATER DUWAMISH,1.0,1,Distribution Center,1.0,0.0,775729.1875,2,1,0.0,118733.0,0
15,NonResidential,19885.714285714286,0,LAKE UNION,1.0,7,Large Office,0.6786781609195403,0.0,4342597.0,1,1,0.0,82098.0,0
32,NonResidential,15953.5,0,MAGNOLIA / QUEEN ANNE,1.0,6,Small- and Mid-Sized Office,0.6456263515842918,31746.0,3063504.5,1,2,0.0,127467.0,0
20,NonResidential,42656.6,0,MAGNOLIA / QUEEN ANNE,2.0,5,Large Office,0.45974128270888914,0.0,5661689.5,1,2,0.0,105563.0,0
15,NonResidential,34565.666666666664,0,LAKE UNION,1.0,3,Large Office,0.5404302921010251,0.0,11319836.0,2,1,0.0,63199.0,0
42,NonResidential,14976.0,0,NORTH,1.0,5,Small- and Mid-Sized Office,1.0,0.0,5134607.5,1,2,0.0,71751.0,0
37,NonResidential,14795.666666666666,0,NORTH,1.0,6,Small- and Mid-Sized Office,1.0,0.0,6029121.5,1,2,0.0,85339.0,0
33,NonResidential,24450.0,1,NORTH,1.0,5,Large Office,1.0,30177.0,5535626.0,1,3,5931.0,127389.0,0
37,NonResidential,13432.5,0,NORTH,1.0,4,Small- and Mid-Sized Office,1.0,0.0,4742869.0,1,2,0.0,53730.0,0
56,NonResidential,18531.0,0,DELRIDGE,1.0,3,Small- and Mid-Sized Office,1.0,0.0,4224872.5,2,1,0.0,55593.0,0
34,NonResidential,33514.0,0,LAKE UNION,1.0,4,Large Office,0.54526466551292,59137.0,4695139.0,1,2,0.0,131203.0,0
11,NonResidential,158415.0,0,GREATER DUWAMISH,1.0,1,Retail Store,1.0,0.0,22394416.0,2,1,0.0,158415.0,0
87,NonResidential,35977.375,1,LAKE UNION,1.0,8,Large Office,1.0,88350.0,48406556.0,2,3,15630.0,259965.0,0
41,NonResidential,19842.25,0,EAST,1.0,8,Other,1.0,0.0,61762380.0,3,1,0.0,158738.0,1
31,NonResidential,21748.75,0,MAGNOLIA / QUEEN ANNE,1.0,4,Small- and Mid-Sized Office,0.6689464911776539,28800.0,2991674.75,1,2,0.0,86995.0,0
17,NonResidential,164437.0,1,BALLARD,1.0,1,Retail Store,1.0,74102.0,18390344.0,2,3,0.0,176755.0,0
7,NonResidential,36896.4,1,LAKE UNION,1.0,5,Large Office,0.6409731030669659,66234.0,5671256.0,2,3,1595.0,185845.0,0
88,NonResidential,18400.0,0,LAKE UNION,1.0,3,Laboratory,1.0,320.0,11594121.0,2,2,0.0,55200.0,0
13,NonResidential,60289.75,0,LAKE UNION,1.0,4,Laboratory,0.5364344685456484,0.0,33713876.0,2,1,0.0,176171.0,0
12,NonResidential,23213.666666666668,1,LAKE UNION,1.0,6,Large Office,0.6224781378785486,52582.0,3238216.0,1,3,3027.0,134993.0,0
7,NonResidential,54214.2,1,LAKE UNION,1.0,5,Large Office,0.6358887523932845,96918.0,7851334.5,2,3,16862.0,281912.0,0
102,NonResidential,25560.0,0,LAKE UNION,1.0,5,Warehouse,1.0,0.0,2767491.0,2,1,0.0,127800.0,0
14,NonResidential,112103.2,0,LAKE UNION,1.0,5,Large Office,0.6314164091658401,189133.0,30083496.0,2,2,0.0,561636.0,0
15,NonResidential,37765.333333333336,0,LAKE UNION,1.0,6,Large Office,0.5807442451631125,83178.0,11963428.0,2,2,0.0,214770.0,0
19,Campus,107189.4,0,LAKE UNION,1.0,5,Other,1.0,103983.0,131373880.0,2,2,0.0,639930.0,0
13,NonResidential,31940.0,1,LAKE UNION,1.0,5,Mixed Use Property,0.6828177833437695,49314.0,31371618.0,2,3,37406.0,159127.0,0
10,NonResidential,52454.0,1,LAKE UNION,1.0,4,Large Office,0.6488685324284135,79091.0,6917478.5,2,3,15803.0,208697.0,0
10,NonResidential,50517.166666666664,1,LAKE UNION,1.0,6,Large Office,0.6374004876230193,99368.0,7519466.5,2,3,6015.0,284011.0,0
62,NonResidential,22460.0,1,LAKE UNION,1.0,3,Mixed Use Property,1.0,17372.0,2755829.0,2,3,13639.0,60743.0,0
53,NonResidential,25558.75,0,LAKE UNION,1.0,4,Laboratory,1.0,0.0,24395228.0,2,1,0.0,103135.0,0
8,NonResidential,87299.4,1,LAKE UNION,1.0,5,Mixed Use Property,0.6479151059457453,173235.0,45252356.0,2,3,88901.0,437500.0,0
42,NonResidential,17612.4,0,MAGNOLIA / QUEEN ANNE,1.0,5,Small- and Mid-Sized Office,0.7635075287865367,21396.0,3415561.25,1,2,0.0,86148.0,0
44,NonResidential,17435.6,0,MAGNOLIA / QUEEN ANNE,1.0,5,Small- and Mid-Sized Office,0.7658124756245842,15167.0,3632613.75,1,2,0.0,81815.0,0
46,NonResidential,17435.6,0,MAGNOLIA / QUEEN ANNE,1.0,5,Small- and Mid-Sized Office,0.7658124756245842,28285.0,3493093.75,1,2,0.0,95032.0,0
45,NonResidential,17600.0,0,MAGNOLIA / QUEEN ANNE,1.0,5,Small- and Mid-Sized Office,0.7545454545454545,17487.0,3484915.5,1,2,0.0,87178.0,0
28,NonResidential,49187.25,0,NORTHEAST,1.0,4,Medical Office,0.5506711597009387,88405.0,19165116.0,2,2,0.0,196749.0,0
22,NonResidential,47819.0,0,NORTHEAST,1.0,4,Medical Office,0.5018664129320981,0.0,8422861.0,2,1,0.0,95995.0,0
70,NonResidential,55722.5,0,BALLARD,2.0,2,Self-Storage Facility,1.0,0.0,5697472.5,2,1,0.0,0.0,0
19,NonResidential,24618.75,0,SOUTHWEST,1.0,4,Warehouse,1.0,0.0,1090496.625,2,1,0.0,98475.0,0
16,NonResidential,50218.57142857143,0,LAKE UNION,1.0,7,Hospital,0.5719995448468125,0.0,42709624.0,2,1,0.0,215602.0,0
21,NonResidential,154482.5,1,NORTH,1.0,2,Supermarket / Grocery Store,0.39191170520932794,0.0,14512786.0,2,3,0.0,121087.0,0
8,NonResidential,63225.0,0,GREATER DUWAMISH,1.0,1,Supermarket / Grocery Store,1.0,0.0,6522551.5,1,1,0.0,63225.0,0
61,Nonresidential COS,113780.0,0,DELRIDGE,0.0,1,Other,1.0,22248.0,3574542.25,2,2,0.0,113780.0,0
17,NonResidential,243044.0,0,GREATER DUWAMISH,1.0,1,Warehouse,1.0,0.0,1396082.25,2,1,0.0,325424.0,0
15,NonResidential,93417.33333333333,1,LAKE UNION,1.0,3,Other,0.44224483678974635,116440.0,11521702.0,1,3,7500.0,280252.0,0
64,NonResidential,22154.0,0,MAGNOLIA / QUEEN ANNE,1.0,3,Other,0.8044295988685264,15000.0,6876439.5,1,2,0.0,87000.0,0
19,NonResidential,131387.0,0,NORTHWEST,1.0,1,Retail Store,1.0,0.0,8773058.0,2,1,0.0,107931.0,0
17,NonResidential,31466.666666666668,0,NORTHWEST,1.0,3,Warehouse,1.0,0.0,784364.5,2,1,0.0,67155.0,0
52,NonResidential,111900.0,0,NORTHWEST,6.0,1,Other,1.0,0.0,9814820.0,2,2,0.0,124231.0,0
32,NonResidential,144776.0,0,NORTHWEST,0.0,1,Supermarket / Grocery Store,1.0,0.0,13424079.0,2,1,0.0,144776.0,0
49,NonResidential,114000.0,0,NORTHWEST,1.0,1,Retail Store,1.0,56312.0,17225444.0,2,2,0.0,114117.0,0
19,NonResidential,50083.0,0,NORTHWEST,1.0,1,Supermarket / Grocery Store,1.0,0.0,8663691.0,2,2,0.0,50065.0,0
28,NonResidential,41357.0,0,LAKE UNION,1.0,3,Large Office,0.7691241305381596,0.0,4991360.5,2,1,0.0,96504.0,0
16,NonResidential,22500.0,0,LAKE UNION,1.0,4,Small- and Mid-Sized Office,0.5941333333333333,0.0,3897738.0,1,1,0.0,90000.0,0
15,NonResidential,32013.666666666668,0,LAKE UNION,1.0,3,Small- and Mid-Sized Office,0.6490144833977156,33709.0,5413418.0,1,2,0.0,95941.0,0
17,NonResidential,93652.33333333333,1,LAKE UNION,1.0,3,Large Office,0.5912933295842424,93893.0,11325513.0,2,3,7500.0,253972.0,0
17,NonResidential,60833.5,0,LAKE UNION,1.0,4,Large Office,0.5765819819671727,24549.0,8651835.0,2,2,0.0,163544.0,0
25,NonResidential,25776.666666666668,1,DOWNTOWN,1.0,6,Mixed Use Property,1.0,63101.0,52960796.0,3,3,26380.0,209296.0,1
34,NonResidential,78059.0,0,GREATER DUWAMISH,1.0,5,Large Office,0.6890172817996644,108408.0,7683885.0,1,2,0.0,351426.0,0
49,NonResidential,45000.0,0,GREATER DUWAMISH,1.0,2,Warehouse,1.0,20000.0,1429146.375,2,2,0.0,90000.0,0
50,NonResidential,50200.0,0,GREATER DUWAMISH,1.0,1,Retail Store,1.0,0.0,1047461.0,2,1,0.0,50200.0,0
91,NonResidential,15672.166666666666,1,BALLARD,1.0,6,Small- and Mid-Sized Office,0.9340657003392426,24744.0,4758198.0,2,3,4500.0,83237.0,0
75,NonResidential,31620.0,0,BALLARD,1.0,2,Warehouse,1.0,0.0,227566.7031,2,1,0.0,63240.0,0
8,NonResidential,64573.8,0,BALLARD,1.0,5,Other,0.43489774490582866,130744.0,17085344.0,2,2,0.0,313198.0,0
28,NonResidential,32573.25,0,MAGNOLIA / QUEEN ANNE,1.0,4,Self-Storage Facility,0.8204047799958555,8800.0,465533.3125,1,2,0.0,139093.0,0
19,NonResidential,26510.25,0,MAGNOLIA / QUEEN ANNE,1.0,4,Warehouse,1.0,0.0,1123943.0,2,1,0.0,106041.0,0
60,NonResidential,31490.0,0,MAGNOLIA / QUEEN ANNE,1.0,3,Self-Storage Facility,1.0,0.0,1000796.875,2,1,0.0,94470.0,0
14,NonResidential,18169.4,1,DOWNTOWN,1.0,10,Large Office,0.7898334562506192,26946.0,7637986.0,1,3,2155.0,179941.0,0
29,NonResidential,34746.0,0,NORTHEAST,1.0,2,Retail Store,1.0,0.0,318962.8125,1,2,0.0,69800.0,0
50,NonResidential,22780.0,0,GREATER DUWAMISH,1.0,1,Warehouse,1.0,0.0,402051.3125,1,1,0.0,22780.0,0
49,NonResidential,124472.0,0,GREATER DUWAMISH,1.0,1,Distribution Center,1.0,0.0,5464762.0,2,2,0.0,124423.0,0
46,NonResidential,10343.454545454546,0,DOWNTOWN,1.0,22,Large Office,0.5668934240362812,77887.79688,8493420.0,1,2,0.0,305443.79688,0
49,NonResidential,50065.0,0,GREATER DUWAMISH,1.0,1,Distribution Center,1.0,0.0,1529510.25,2,2,0.0,49918.0,0
47,NonResidential,57540.0,0,GREATER DUWAMISH,1.0,1,Distribution Center,1.0,0.0,2582687.0,2,1,0.0,57540.0,0
50,NonResidential,85400.0,0,GREATER DUWAMISH,1.0,1,Warehouse,1.0,0.0,1536998.25,1,1,0.0,85400.0,0
50,NonResidential,55700.0,0,GREATER DUWAMISH,1.0,1,Warehouse,1.0,0.0,519806.0938,1,1,0.0,55700.0,0
52,NonResidential,53250.0,0,GREATER DUWAMISH,1.0,1,Small- and Mid-Sized Office,1.0,0.0,1794187.25,2,2,0.0,52759.0,0
29,NonResidential,13112.0,0,MAGNOLIA / QUEEN ANNE,1.0,6,Small- and Mid-Sized Office,0.6386643278421802,0.0,2179719.75,2,1,0.0,78672.0,0
30,NonResidential,21553.333333333332,0,NORTHWEST,1.0,3,Warehouse,1.0,0.0,325513.0,2,1,0.0,64660.0,0
89,NonResidential,37922.0,1,EAST,1.0,2,Mixed Use Property,0.7372501450345446,28441.0,3684188.5,2,3,18961.0,75844.0,0
48,NonResidential,161678.0,0,GREATER DUWAMISH,1.0,1,Distribution Center,1.0,0.0,9357230.0,2,1,0.0,162425.0,0
67,NonResidential,101101.0,0,GREATER DUWAMISH,1.0,1,Distribution Center,1.0,0.0,21795830.0,2,1,0.0,101101.0,0
36,NonResidential,52613.0,0,GREATER DUWAMISH,1.0,1,Distribution Center,1.0,0.0,1061458.25,2,1,0.0,59504.0,0
76,NonResidential,56608.0,0,GREATER DUWAMISH,1.0,1,Other,1.0,11520.0,5094197.0,2,2,0.0,56860.0,0
63,NonResidential,104099.0,1,GREATER DUWAMISH,1.0,1,Refrigerated Warehouse,1.0,4099.0,17695420.0,2,3,0.0,104099.0,0
13,NonResidential,58184.0,0,NORTHWEST,1.0,1,Supermarket / Grocery Store,0.8719579265777533,0.0,14715262.0,2,2,0.0,51722.0,0
36,NonResidential,58480.0,0,NORTH,1.0,1,Supermarket / Grocery Store,1.0,0.0,11054535.0,2,1,0.0,44431.0,0
11,NonResidential,56116.666666666664,1,LAKE UNION,1.0,6,Large Office,0.6293436293436293,4569.0,9058916.0,1,3,0.0,222546.0,0
20,NonResidential,66002.0,0,LAKE UNION,1.0,4,Retail Store,0.39398048543983516,0.0,9937707.0,2,1,0.0,98863.0,0
102,NonResidential,31110.0,1,CENTRAL,1.0,2,Small- and Mid-Sized Office,1.0,13780.0,5444253.5,2,3,1324.0,75780.0,0
46,NonResidential,65430.0,0,GREATER DUWAMISH,1.0,1,Small- and Mid-Sized Office,1.0,8142.0,3181045.5,2,2,0.0,68874.0,0
10,NonResidential,34096.666666666664,0,NORTHEAST,1.0,3,Large Office,0.5851011829113305,18575.0,6062770.5,2,2,0.0,102290.0,0
90,NonResidential,26668.0,0,CENTRAL,1.0,3,Other,1.0,0.0,12232124.0,1,1,0.0,74864.0,0
25,NonResidential,161958.0,0,GREATER DUWAMISH,1.0,2,Warehouse,1.0,60388.0,8024064.5,2,2,0.0,323916.0,0
84,NonResidential,21718.0,1,GREATER DUWAMISH,1.0,14,Mixed Use Property,1.0,156487.0,21027396.0,2,3,84051.89844,459456.89844,0
38,NonResidential,21346.25,1,LAKE UNION,1.0,4,Small- and Mid-Sized Office,0.6344791239679101,25525.0,4855036.5,1,3,2875.0,78635.0,0
27,NonResidential,49012.0,0,GREATER DUWAMISH,1.0,2,Distribution Center,1.0,33712.0,1988334.5,2,2,0.0,97608.0,0
88,NonResidential,65000.0,1,LAKE UNION,1.0,1,Mixed Use Property,0.7692307692307693,15000.0,2603931.25,2,3,10000.0,45000.0,0
26,NonResidential,28914.6,0,LAKE UNION,1.0,5,Large Office,0.5391947320730703,66650.0,5135040.0,1,2,0.0,145171.0,0
66,NonResidential,151406.0,0,NORTH,1.0,2,Retail Store,1.0,0.0,7290824.5,2,1,0.0,302812.0,0
42,NonResidential,17280.0,0,NORTHWEST,1.0,5,Small- and Mid-Sized Office,1.0,0.0,9080022.0,2,1,0.0,78200.0,0
47,NonResidential,49269.5,0,North,0.0,2,Other,1.0,0.0,5450441.5,2,1,0.0,98539.0,0
35,NonResidential,14413.833333333334,0,NORTHWEST,1.0,6,Small- and Mid-Sized Office,1.0,0.0,6361236.5,1,2,0.0,86483.0,0
40,NonResidential,51600.0,0,DELRIDGE,1.0,1,Distribution Center,1.0,17200.0,1124543.125,2,2,0.0,51600.0,0
48,NonResidential,140520.0,0,DELRIDGE,1.0,1,Warehouse,1.0,0.0,2225512.0,2,1,0.0,140520.0,0
30,NonResidential,30805.8,0,MAGNOLIA / QUEEN ANNE,1.0,5,Large Office,0.5950113290354414,66288.0,4636396.5,2,2,0.0,157933.0,0
11,NonResidential,53929.666666666664,0,NORTHWEST,1.0,3,Other,0.4317598847882118,69854.0,6963616.5,2,2,0.0,161789.0,0
11,NonResidential,21303.0,0,NORTHWEST,1.0,3,Medical Office,1.0,3239.0,4765753.5,1,2,0.0,63909.0,0
68,NonResidential,26736.0,0,NORTHWEST,1.0,2,Warehouse,1.0,10033.0,971155.625,2,2,0.0,56879.0,0
36,NonResidential,50417.0,0,GREATER DUWAMISH,1.0,1,Warehouse,1.0,0.0,1847401.0,2,1,0.0,50417.0,0
116,NonResidential,43728.0,0,DOWNTOWN,1.0,1,Restaurant,1.0,0.0,11508035.0,1,1,0.0,43728.0,0
55,NonResidential,44432.666666666664,0,NORTHWEST,1.0,3,Medical Office,1.0,0.0,15640994.0,2,1,0.0,133298.0,0
51,NonResidential,84309.5,0,NORTH,1.0,2,Retail Store,1.0,0.0,6455828.5,2,1,0.0,173106.0,0
14,NonResidential,50365.4,1,LAKE UNION,0.0,5,Mixed Use Property,0.550016479567322,84000.0,47102428.0,2,3,84000.0,281318.0,0
16,NonResidential,43971.25,0,LAKE UNION,1.0,4,Large Office,0.5941382153111407,71390.0,6486377.5,1,2,0.0,175360.0,0
47,NonResidential,52393.0,0,GREATER DUWAMISH,1.0,2,Warehouse,1.0,0.0,1028376.875,2,1,0.0,104786.0,0
16,NonResidential,53040.0,0,GREATER DUWAMISH,1.0,1,Other,0.21568627450980393,0.0,1770027.5,2,1,0.0,51427.0,0
43,NonResidential,110689.0,0,GREATER DUWAMISH,0.0,1,Other,1.0,0.0,2339814.25,2,1,0.0,110689.0,0
68,NonResidential,53620.0,0,GREATER DUWAMISH,1.0,1,Small- and Mid-Sized Office,1.0,0.0,2058955.25,2,1,0.0,53620.0,0
78,NonResidential,50008.0,0,GREATER DUWAMISH,1.0,1,Small- and Mid-Sized Office,1.0,0.0,3202213.0,2,1,0.0,50008.0,0
7,NonResidential,72794.0,0,MAGNOLIA / QUEEN ANNE,1.0,4,Large Office,0.65596065609803,111198.0,6657348.5,2,2,0.0,305872.0,0
59,NonResidential,50832.0,0,GREATER DUWAMISH,1.0,1,Warehouse,1.0,6912.0,2551022.25,2,2,0.0,50832.0,0
45,NonResidential,76354.0,0,GREATER DUWAMISH,1.0,1,Refrigerated Warehouse,1.0,0.0,2843033.5,2,1,0.0,76486.0,0
60,NonResidential,98480.0,0,GREATER DUWAMISH,1.0,1,Warehouse,1.0,0.0,2831565.5,2,1,0.0,98480.0,0
112,NonResidential,26501.0,1,LAKE UNION,1.0,2,Mixed Use Property,1.0,27427.0,3441643.25,2,3,18130.0,77159.0,0
8,NonResidential,58639.333333333336,1,LAKE UNION,1.0,3,Mixed Use Property,0.7088529883241056,58218.0,22530168.0,2,3,30230.0,155185.0,0
96,NonResidential,56595.0,0,LAKE UNION,1.0,3,Other,0.624336661071355,63782.0,19155416.0,2,2,0.0,169785.0,0
45,NonResidential,11338.272727272728,1,LAKE UNION,1.0,11,Large Office,1.0,15600.0,13898181.0,2,3,12000.0,135194.0,0
46,NonResidential,13428.857142857143,0,LAKE UNION,1.0,7,Small- and Mid-Sized Office,1.0,31348.0,5662234.0,1,2,0.0,125253.0,0
42,NonResidential,93020.0,0,GREATER DUWAMISH,1.0,1,Warehouse,1.0,0.0,1252323.875,1,1,0.0,93020.0,0
70,NonResidential,23000.0,0,DOWNTOWN,1.0,1,Other,1.0,2689.600098,711118.375,2,2,0.0,22999.600098,0
14,NonResidential,61053.0,0,SOUTHEAST,1.0,1,Supermarket / Grocery Store,1.0,0.0,13133225.0,2,2,0.0,54434.0,0
103,NonResidential,22022.714285714286,0,DOWNTOWN,5.0,7,Large Office,1.0,0.0,11195917.0,2,1,0.0,193154.0,0
112,NonResidential,15784.0,0,DOWNTOWN,1.0,5,Small- and Mid-Sized Office,1.0,0.0,2830674.75,1,1,0.0,78564.0,0
110,NonResidential,14205.714285714286,0,DOWNTOWN,1.0,7,Small- and Mid-Sized Office,1.0,23857.0,6606832.5,2,2,0.0,88945.0,0
109,NonResidential,12210.0,0,DOWNTOWN,1.0,6,Small- and Mid-Sized Office,1.0,0.0,2853189.5,1,1,0.0,63871.0,0
116,NonResidential,17454.25,0,DOWNTOWN,1.0,4,Small- and Mid-Sized Office,1.0,26039.0,2178074.5,3,2,0.0,60686.0,1
116,NonResidential,21187.5,0,DOWNTOWN,1.0,4,Small- and Mid-Sized Office,1.0,28734.0,2094724.625,2,2,0.0,70343.0,0
116,NonResidential,12582.666666666666,1,DOWNTOWN,1.0,6,Small- and Mid-Sized Office,0.8235668114867013,9739.0,3570161.75,1,3,4689.0,60227.0,0
116,NonResidential,41095.0,0,DOWNTOWN,1.0,4,Large Office,1.0,20795.0,7655751.0,3,2,0.0,144402.0,1
109,NonResidential,22940.0,0,DOWNTOWN,1.0,7,Large Office,1.0,0.0,4336187.5,3,1,0.0,160580.0,1
107,NonResidential,12245.0,1,DOWNTOWN,1.0,6,Small- and Mid-Sized Office,1.0,9477.0,3212269.0,1,3,9477.0,66099.0,0
110,Nonresidential COS,22585.0,1,DOWNTOWN,1.0,3,Other,1.0,19705.0,1904480.0,1,3,11988.0,65340.0,0
106,NonResidential,18900.0,1,GREATER DUWAMISH,1.0,3,Mixed Use Property,1.0,18050.0,2371575.0,2,3,12400.0,56700.0,0
94,NonResidential,82852.0,0,GREATER DUWAMISH,1.0,1,Warehouse,1.0,23282.0,2153603.5,2,2,0.0,81754.0,0
63,NonResidential,38221.0,1,GREATER DUWAMISH,1.0,2,Other,1.0,18000.0,3978277.0,2,3,7604.0,76104.0,0
54,NonResidential,46396.0,0,GREATER DUWAMISH,1.0,2,Distribution Center,1.0,13435.0,3155496.0,2,2,0.0,98778.0,0
75,NonResidential,62759.5,0,GREATER DUWAMISH,2.0,2,Other,1.0,0.0,2244317.0,1,1,0.0,142901.0,0
116,NonResidential,32250.0,0,GREATER DUWAMISH,1.0,4,Large Office,0.8,0.0,4374646.0,1,1,0.0,104869.0,0
62,NonResidential,78814.0,0,GREATER DUWAMISH,1.0,1,Warehouse,1.0,0.0,861972.875,2,1,0.0,78814.0,0
112,NonResidential,14742.5,1,GREATER DUWAMISH,1.0,4,Small- and Mid-Sized Office,1.0,11600.0,1776411.75,2,3,7000.0,58470.0,0
106,NonResidential,12600.0,1,GREATER DUWAMISH,1.0,6,Distribution Center,0.8571428571428571,10500.0,2688675.75,1,3,6000.0,67540.0,0
109,NonResidential,14067.5,1,GREATER DUWAMISH,1.0,4,Distribution Center,1.0,9270.0,1056782.125,1,3,4116.0,53270.0,0
112,NonResidential,16710.5,0,DOWNTOWN,1.0,4,Small- and Mid-Sized Office,1.0,10514.0,5608600.5,2,2,0.0,53636.0,0
107,NonResidential,12548.0,0,DOWNTOWN,1.0,6,Small- and Mid-Sized Office,0.8565508447561364,10918.0,2891605.0,2,2,0.0,76426.0,0
112,NonResidential,26331.714285714286,0,DOWNTOWN,1.0,7,Large Office,1.0,406.0,9722890.0,1,2,0.0,184322.0,0
7,NonResidential,41121.857142857145,0,DOWNTOWN,1.0,7,Large Office,1.0,12102.0,25567108.0,2,2,0.0,285914.0,0
102,NonResidential,32256.0,0,GREATER DUWAMISH,1.0,2,Small- and Mid-Sized Office,1.0,0.0,5968153.5,2,1,0.0,63000.0,0
7,NonResidential,47666.666666666664,1,GREATER DUWAMISH,1.0,6,Mixed Use Property,0.6091818181818182,108747.0,63835192.0,2,3,49271.0,269792.0,0
90,NonResidential,20578.571428571428,0,GREATER DUWAMISH,1.0,7,Warehouse,1.0,0.0,3929371.0,2,1,0.0,144050.0,0
86,NonResidential,20197.333333333332,0,GREATER DUWAMISH,1.0,3,Small- and Mid-Sized Office,1.0,0.0,5049446.5,2,1,0.0,60384.0,0
104,NonResidential,230159.83333333334,1,GREATER DUWAMISH,0.0,6,Large Office,1.0,281296.0,74130576.0,2,3,220303.0,1502329.0,0
23,NonResidential,107930.0,0,GREATER DUWAMISH,1.0,1,Retail Store,1.0,0.0,7221482.5,2,1,0.0,107704.0,0
90,NonResidential,99084.0,0,GREATER DUWAMISH,1.0,1,Warehouse,1.0,0.0,1618110.375,2,1,0.0,99084.0,0
63,NonResidential,72719.0,0,Delridge,1.0,1,Distribution Center,1.0,0.0,2581741.75,2,1,0.0,72719.0,0
86,NonResidential,19156.0,0,EAST,0.0,4,Small- and Mid-Sized Office,1.0,0.0,2773647.5,2,1,0.0,76624.0,0
15,NonResidential,15284.333333333334,1,NORTHEAST,1.0,6,Small- and Mid-Sized Office,0.6010838985453515,34701.0,8570571.0,1,3,3724.0,91706.0,0
8,NonResidential,25818.6,1,LAKE UNION,1.0,5,Medical Office,0.6909050064682051,37652.0,19248732.0,2,3,5615.0,132398.0,0
25,NonResidential,27621.2,0,DELRIDGE,1.0,5,Large Office,0.8825467394609937,16221.0,8381834.5,1,2,0.0,135304.0,0
43,NonResidential,56572.0,0,GREATER DUWAMISH,1.0,1,Retail Store,1.0,0.0,2409429.0,2,1,0.0,56576.0,0
12,NonResidential,0.0,0,EAST,1.0,0,Medical Office,1.0,0.0,20560622.0,2,1,0.0,200184.0,1
10,NonResidential,0.0,1,DOWNTOWN,0.0,0,Mixed Use Property,1.0,340236.0,39403320.0,2,3,67627.0,793059.0,0
16,NonResidential,28410.18181818182,1,DOWNTOWN,1.0,11,Large Office,1.0,4738.0,25747022.0,2,3,4462.0,312512.0,0
11,NonResidential,37926.52380952381,1,DOWNTOWN,1.0,42,Large Office,1.0,348788.0,56498868.0,3,3,303910.0,1567530.0,1
90,NonResidential,16286.666666666666,1,DOWNTOWN,1.0,6,Small- and Mid-Sized Office,1.0,11999.0,2478025.25,1,3,9713.0,73593.0,0
31,NonResidential,42250.3,0,EAST,1.0,10,Medical Office,0.5110567262244292,0.0,17254810.0,2,1,0.0,197408.0,1
29,NonResidential,13500.0,0,CENTRAL,1.0,7,Medical Office,1.0,0.0,5792926.0,1,1,0.0,113739.0,0
11,NonResidential,94713.0,0,DELRIDGE,0.0,1,Retail Store,1.0,0.0,5417598.0,2,1,0.0,109758.0,0
8,NonResidential,33655.77777777778,0,EAST,1.0,9,Medical Office,0.6654297429531664,86270.0,14751117.0,2,2,0.0,287635.0,0
43,NonResidential,16837.42105263158,0,EAST,1.0,19,Medical Office,0.5110921475035244,69171.0,15067340.0,2,2,0.0,239898.0,1
116,NonResidential,34253.5,0,DOWNTOWN,1.0,6,Large Office,1.0,28643.0,8138616.5,3,2,0.0,143562.0,1
116,NonResidential,9450.0,0,DOWNTOWN,1.0,6,Small- and Mid-Sized Office,1.0,10500.0,3065954.5,1,2,0.0,56500.0,0
91,NonResidential,18000.0,0,GREATER DUWAMISH,1.0,4,Small- and Mid-Sized Office,1.0,0.0,2729167.75,2,1,0.0,72000.0,0
16,NonResidential,47786.5,0,MAGNOLIA / QUEEN ANNE,1.0,4,Large Office,0.50356272168918,80000.0,5101504.5,1,2,0.0,183000.0,0
15,NonResidential,22921.0,1,DELRIDGE,1.0,3,Other,0.8323662434739613,11527.0,9029489.0,2,3,0.0,61527.0,0
22,NonResidential,102133.0,0,SOUTHEAST,3.0,1,Other,1.0,0.0,20725996.0,2,2,0.0,107427.0,0
8,NonResidential,25860.428571428572,1,DOWNTOWN,1.0,14,Large Office,1.0,97874.0,15725581.0,2,3,3534.0,333851.0,0
22,NonResidential,40668.0,0,MAGNOLIA / QUEEN ANNE,3.0,2,Other,1.0,0.0,13085297.0,2,1,0.0,81385.0,0
15,NonResidential,23431.869565217392,0,DOWNTOWN,1.0,23,Large Office,1.0,122821.0,16020642.0,1,2,0.0,489375.0,0
33,NonResidential,45997.0,0,DOWNTOWN,1.0,6,Other,0.2857142857142857,78852.0,5233553.5,1,2,0.0,275892.0,0
34,NonResidential,19733.6,0,MAGNOLIA / QUEEN ANNE,1.0,5,Small- and Mid-Sized Office,1.0,0.0,4391348.0,1,1,0.0,98668.0,0
9,NonResidential,158931.0,1,GREATER DUWAMISH,1.0,1,Large Office,0.821425650124897,34302.0,8751704.0,2,3,26937.0,141396.0,0
38,NonResidential,105100.0,0,MAGNOLIA / QUEEN ANNE,1.0,1,Large Office,1.0,0.0,22078064.0,2,1,0.0,105100.0,0
8,NonResidential,57176.0,1,MAGNOLIA / QUEEN ANNE,1.0,1,Supermarket / Grocery Store,1.0,15000.0,12525174.0,0,3,5500.0,60000.0,0
38,NonResidential,50660.0,0,MAGNOLIA / QUEEN ANNE,1.0,1,Retail Store,1.0,0.0,2661488.0,2,1,0.0,50660.0,0
79,NonResidential,30964.5,0,MAGNOLIA / QUEEN ANNE,1.0,2,Small- and Mid-Sized Office,1.0,0.0,2203026.5,2,1,0.0,39879.0,0
16,NonResidential,41277.75,1,MAGNOLIA / QUEEN ANNE,1.0,4,Large Office,0.66689075833833,55000.0,25478086.0,1,3,5444.0,165111.0,0
16,NonResidential,32387.75,1,MAGNOLIA / QUEEN ANNE,1.0,4,Large Office,0.6719438676660157,42500.0,27137190.0,1,3,4778.0,129551.0,0
91,NonResidential,6855.0,0,DOWNTOWN,1.0,3,Small- and Mid-Sized Office,1.0,0.0,802312.5,1,1,0.0,20565.0,0
16,NonResidential,31987.4,0,MAGNOLIA / QUEEN ANNE,1.0,5,Large Office,0.6500434546102528,50258.0,7857972.5,1,2,0.0,156707.0,0
8,NonResidential,36792.8,1,MAGNOLIA / QUEEN ANNE,1.0,5,Large Office,0.7458035267769781,46763.0,14856199.0,1,3,3750.0,183964.0,0
30,NonResidential,41642.0,0,MAGNOLIA / QUEEN ANNE,1.0,5,Large Office,0.6213054128043802,78848.0,5514308.5,2,2,0.0,188826.0,0
30,NonResidential,39640.857142857145,1,DOWNTOWN,1.0,7,Large Office,0.7106772954311209,87624.0,12729858.0,1,3,14653.0,280902.0,0
23,NonResidential,62376.666666666664,1,DOWNTOWN,1.0,3,Large Office,1.0,9581.0,10053489.0,1,3,4413.0,185777.0,0
16,NonResidential,50208.8,0,DOWNTOWN,1.0,5,Large Office,0.530492662640812,12717.0,17186624.0,1,2,0.0,138935.0,0
104,NonResidential,30866.0,0,DOWNTOWN,1.0,5,Warehouse,1.0,0.0,1262235.25,1,1,0.0,95330.0,0
98,NonResidential,18040.833333333332,1,DOWNTOWN,1.0,6,Large Office,0.8642893436186428,14621.0,4515180.5,2,3,12359.0,91035.0,1
111,NonResidential,27976.666666666668,1,DOWNTOWN,1.0,6,Large Office,1.0,19801.0,6797647.0,1,3,634.0,130805.0,0
106,NonResidential,18760.0,0,DOWNTOWN,1.0,6,Large Office,1.0,16080.0,4946798.5,2,2,0.0,96480.0,0
106,NonResidential,14367.333333333334,0,DOWNTOWN,1.0,6,Retail Store,1.0,13534.0,3241917.0,2,2,0.0,81204.0,0
31,Nonresidential COS,72579.0,1,GREATER DUWAMISH,1.0,2,Warehouse,1.0,48544.0,8384523.0,2,3,10270.0,160447.0,0
65,NonResidential,56448.0,0,GREATER DUWAMISH,1.0,2,Large Office,1.0,57500.0,10287986.0,2,2,0.0,168246.0,0
56,NonResidential,110613.0,0,GREATER DUWAMISH,1.0,1,Distribution Center,1.0,11061.0,1015060.188,1,2,0.0,110612.0,0
65,NonResidential,37470.25,0,GREATER DUWAMISH,1.0,4,Warehouse,1.0,30288.0,2417401.25,2,2,0.0,149881.0,0
65,NonResidential,32740.0,0,GREATER DUWAMISH,1.0,3,Warehouse,1.0,0.0,6468090.0,2,1,0.0,129420.0,0
46,NonResidential,84420.0,1,GREATER DUWAMISH,1.0,1,Distribution Center,1.0,24838.0,2848317.25,1,3,12349.0,81487.0,0
55,NonResidential,73335.0,0,GREATER DUWAMISH,1.0,1,Distribution Center,1.0,0.0,5197118.0,2,2,0.0,73335.0,0
88,NonResidential,28438.0,1,GREATER DUWAMISH,1.0,2,Distribution Center,1.0,4276.0,1791715.625,2,3,4200.0,56876.0,0
85,NonResidential,30600.0,0,GREATER DUWAMISH,1.0,2,Warehouse,1.0,0.0,4912143.0,2,1,0.0,61200.0,0
29,NonResidential,111908.0,0,GREATER DUWAMISH,1.0,1,Distribution Center,1.0,0.0,1555420.25,2,1,0.0,109090.0,0
30,NonResidential,31822.0,0,GREATER DUWAMISH,3.0,2,Other,1.0,0.0,6858533.5,2,2,0.0,65700.0,0
86,NonResidential,54376.5,1,GREATER DUWAMISH,3.0,2,Mixed Use Property,0.8265794966575635,24338.0,3639670.25,1,3,18864.0,101807.0,0
46,NonResidential,141890.0,1,NORTHWEST,1.0,1,Supermarket / Grocery Store,0.7494890408062583,0.0,16865978.0,2,3,0.0,168735.0,0
15,NonResidential,23023.0,0,BALLARD,1.0,4,Small- and Mid-Sized Office,0.7713699344134127,0.0,4817062.0,1,1,0.0,70074.0,0
42,NonResidential,18753.0,1,MAGNOLIA / QUEEN ANNE,0.0,3,Warehouse,1.0,20962.0,2346571.5,2,3,3715.0,56259.0,0
10,NonResidential,23906.5,0,NORTHEAST,1.0,6,Other,1.0,23869.0,25631512.0,2,2,0.0,143439.0,0
8,NonResidential,50655.75,1,LAKE UNION,1.0,4,Large Office,0.5614762391238902,31992.0,8873485.0,1,3,6374.0,143572.0,0
16,NonResidential,38587.0,0,LAKE UNION,1.0,2,Small- and Mid-Sized Office,0.6656905175318112,0.0,5481549.0,1,1,0.0,77174.0,0
18,NonResidential,22104.8,1,MAGNOLIA / QUEEN ANNE,1.0,5,Large Office,1.0,8634.0,6859198.0,1,3,0.0,107415.0,0
8,NonResidential,57444.8,1,LAKE UNION,1.0,5,Mixed Use Property,0.6391318274238922,88051.0,21042926.0,2,3,54106.0,239657.0,0
17,NonResidential,28937.0,0,LAKE UNION,1.0,4,Laboratory,0.841189480595777,0.0,36436388.0,2,1,0.0,97365.0,0
16,NonResidential,34553.57142857143,0,MAGNOLIA / QUEEN ANNE,1.0,7,Large Office,0.6498645994832042,83425.0,8655604.0,2,2,0.0,246507.0,0
42,NonResidential,20586.0,0,MAGNOLIA / QUEEN ANNE,1.0,5,Large Office,0.8181288254153308,15164.0,4750799.0,2,2,0.0,104239.0,0
114,NonResidential,25631.0,1,DOWNTOWN,1.0,3,Small- and Mid-Sized Office,1.0,33380.0,12029600.0,2,3,15845.0,139570.0,0
41,NonResidential,18750.0,0,DOWNTOWN,1.0,8,Large Office,0.8424666666666667,23913.0,9343428.0,2,2,0.0,150561.0,0
63,NonResidential,39194.57142857143,0,DOWNTOWN,1.0,7,Large Office,1.0,0.0,16540550.0,2,1,0.0,274362.0,0
33,NonResidential,25200.133333333335,0,DOWNTOWN,1.0,15,Large Office,0.6923825799863493,71602.0,17750994.0,2,2,0.0,341839.0,0
53,NonResidential,15365.454545454546,1,DOWNTOWN,1.0,11,Large Office,1.0,10337.0,11480494.0,3,3,8208.0,174959.0,1
35,NonResidential,13012.272727272728,0,DOWNTOWN,1.0,33,Other,1.0,210409.0,274682208.0,2,2,0.0,429406.0,0
31,NonResidential,25687.105263157893,0,DOWNTOWN,1.0,76,Large Office,0.8363913903146162,319368.0,92937640.0,2,2,0.0,2000305.0,0
35,NonResidential,20185.0,1,DOWNTOWN,1.0,19,Large Office,0.7659074612466266,84800.0,15878689.0,1,3,18799.0,416041.0,0
91,NonResidential,20218.555555555555,1,DOWNTOWN,1.0,18,Medical Office,0.920672429616359,27597.0,22104512.0,3,3,21519.0,330714.0,1
87,NonResidential,19730.0,0,DOWNTOWN,1.0,4,Retail Store,1.0,0.0,8303666.5,2,1,0.0,78920.0,0
37,NonResidential,18734.714285714286,0,DOWNTOWN,1.0,7,Large Office,0.3353819876013207,10853.0,5177270.5,2,2,0.0,131101.0,0
17,NonResidential,0.0,1,DOWNTOWN,1.0,0,Other,1.0,100000.0,46510960.0,1,3,80000.0,741684.0,0
108,NonResidential,13880.0,1,EAST,1.0,4,Mixed Use Property,1.0,15300.0,3686962.25,2,3,13400.0,45820.0,0
108,NonResidential,13299.8,0,DOWNTOWN,1.0,10,Large Office,1.0,0.0,3775187.5,2,2,0.0,138257.0,1
76,NonResidential,27706.0,0,DOWNTOWN,1.0,3,Retail Store,1.0,0.0,2443141.5,2,1,0.0,45000.0,0
92,NonResidential,25851.666666666668,0,DOWNTOWN,1.0,3,Retail Store,1.0,0.0,7802205.5,2,1,0.0,73563.0,0
107,NonResidential,8536.333333333334,0,DOWNTOWN,1.0,6,Small- and Mid-Sized Office,1.0,7044.0,2886141.5,1,2,0.0,51957.0,0
46,NonResidential,16868.344827586207,1,DOWNTOWN,1.0,29,Large Office,1.0,65451.0,36378588.0,2,3,9295.0,446196.0,0
87,NonResidential,8021.148148148148,1,DOWNTOWN,1.0,27,Large Office,0.938495920506439,13320.0,16246106.0,3,3,6246.0,202170.0,1
95,NonResidential,14551.923076923076,0,DOWNTOWN,1.0,13,Large Office,1.0,12645.0,19036416.0,1,2,0.0,164385.0,0
18,NonResidential,22600.23076923077,0,DOWNTOWN,1.0,13,Large Office,0.7464933986378628,70603.0,17074142.0,1,2,0.0,216094.0,0
106,NonResidential,17479.428571428572,1,DOWNTOWN,1.0,7,Large Office,1.0,15523.0,4585070.5,2,3,182.0,111647.0,0
95,NonResidential,17432.666666666668,0,DOWNTOWN,1.0,3,Small- and Mid-Sized Office,1.0,0.0,1968655.125,1,1,0.0,50250.0,0
105,NonResidential,6861.176470588235,1,DOWNTOWN,1.0,17,Large Office,1.0,6561.0,6758565.5,2,3,6333.0,94947.0,1
35,NonResidential,29739.404761904763,1,DOWNTOWN,1.0,42,Large Office,0.8389814699913134,296815.0,37980712.0,1,3,12941.0,1293453.0,0
28,NonResidential,37667.8,0,EAST,1.0,5,Medical Office,0.4726848926669463,67000.0,8523594.0,2,2,0.0,148873.0,0
100,NonResidential,30061.0,0,CENTRAL,1.0,2,University,1.0,0.0,690529.5,2,2,0.0,60122.0,0
106,NonResidential,15833.333333333334,0,DOWNTOWN,1.0,6,Small- and Mid-Sized Office,0.8557894736842105,8474.0,4052720.0,2,2,0.0,92955.0,0
45,NonResidential,24984.11111111111,0,DOWNTOWN,1.0,9,Large Office,1.0,0.0,15272491.0,2,1,0.0,204993.0,1
18,NonResidential,55782.625,0,DOWNTOWN,1.0,8,Large Office,0.7203699180524402,114237.0,13568148.0,1,2,0.0,457637.0,0
77,NonResidential,29246.0,0,GREATER DUWAMISH,1.0,2,Other,1.0,0.0,1594422.5,2,1,0.0,58500.0,0
109,NonResidential,10395.0,0,GREATER DUWAMISH,1.0,6,Small- and Mid-Sized Office,1.0,10408.0,4353025.0,1,2,0.0,59881.0,0
56,NonResidential,73296.0,0,GREATER DUWAMISH,1.0,1,Warehouse,1.0,0.0,2356376.75,2,2,0.0,77800.0,0
72,Nonresidential COS,24780.5,0,GREATER DUWAMISH,1.0,4,Other,1.0,49086.0,14469228.0,2,2,0.0,99122.0,0
31,NonResidential,66133.0,1,GREATER DUWAMISH,1.0,1,Other,1.0,13805.0,6345009.5,2,3,2408.0,77000.0,0
64,NonResidential,57834.0,1,GREATER DUWAMISH,1.0,2,Warehouse,1.0,8068.0,3534690.75,2,3,4270.0,114090.0,0
46,NonResidential,141686.0,0,GREATER DUWAMISH,1.0,1,Other,1.0,0.0,6673138.0,1,1,0.0,152511.0,0
66,NonResidential,93610.0,0,GREATER DUWAMISH,1.0,1,Small- and Mid-Sized Office,1.0,502.0,6235947.0,2,2,0.0,101780.0,0
43,NonResidential,78094.0,0,GREATER DUWAMISH,1.0,2,Large Office,1.0,0.0,6843855.0,2,2,0.0,141917.0,0
50,NonResidential,115620.0,0,GREATER DUWAMISH,1.0,1,Warehouse,1.0,0.0,1951856.25,1,1,0.0,56900.0,0
41,NonResidential,47629.6,1,GREATER DUWAMISH,1.0,5,Large Office,1.0,5616.0,10775646.0,1,3,5616.0,256472.0,0
47,NonResidential,71718.0,0,GREATER DUWAMISH,1.0,1,Distribution Center,1.0,0.0,151754.2969,1,1,0.0,71718.0,0
47,NonResidential,55450.0,0,GREATER DUWAMISH,1.0,1,Warehouse,1.0,21244.0,4345698.0,2,2,0.0,55450.0,0
37,NonResidential,54880.0,0,GREATER DUWAMISH,1.0,1,Distribution Center,1.0,0.0,2763597.0,2,1,0.0,55000.0,0
24,NonResidential,102500.0,0,DELRIDGE,1.0,1,Retail Store,1.0,0.0,7305474.0,2,2,0.0,99471.0,0
14,NonResidential,60233.0,1,NORTHEAST,1.0,6,Other,0.24487683938483334,63419.0,8915523.0,2,3,15757.0,311861.0,0
53,NonResidential,50785.0,0,GREATER DUWAMISH,1.0,1,Supermarket / Grocery Store,1.0,0.0,7439009.0,2,1,0.0,27382.0,0
87,NonResidential,28375.333333333332,0,Delridge,1.0,3,Small- and Mid-Sized Office,1.0,0.0,37951708.0,2,1,0.0,81526.0,0
16,NonResidential,60651.0,1,North,1.0,5,Other,0.9346424626139718,298043.0,11077140.0,2,3,5636.0,625507.0,0
30,NonResidential,411584.0,1,GREATER DUWAMISH,1.0,1,Distribution Center,1.0,83683.0,15091579.0,2,3,35760.0,407491.0,0
114,NonResidential,18330.0,1,DOWNTOWN,1.0,4,Mixed Use Property,1.0,23277.0,1141189.75,2,3,6540.0,57100.0,0
8,NonResidential,60671.5,0,MAGNOLIA / QUEEN ANNE,1.0,4,Large Office,0.5872196995294331,76364.0,9683979.0,1,2,0.0,225445.0,0
116,NonResidential,15960.0,0,DOWNTOWN,1.0,6,Small- and Mid-Sized Office,0.8345864661654135,0.0,5392617.5,2,1,0.0,95760.0,0
70,NonResidential,179413.0,0,GREATER DUWAMISH,1.0,1,Warehouse,1.0,0.0,3459543.0,1,1,0.0,178087.0,0
99,NonResidential,65288.0,1,GREATER DUWAMISH,0.0,1,Warehouse,1.0,5000.0,605971.1875,1,3,5000.0,70000.0,0
50,NonResidential,170632.0,0,Delridge,1.0,1,Warehouse,1.0,5826.0,602245.0,1,2,0.0,170632.0,0
22,NonResidential,38151.1,0,MAGNOLIA / QUEEN ANNE,1.0,10,Large Office,1.0,168978.0,11410228.0,2,2,0.0,389011.0,0
7,NonResidential,24309.647058823528,0,DOWNTOWN,1.0,17,Large Office,0.6658358821479732,94781.0,13631141.0,1,2,0.0,390275.0,0
7,NonResidential,20400.0,1,NORTHEAST,1.0,6,Mixed Use Property,0.5563725490196079,33399.0,4865551.5,2,3,20740.0,95763.0,0
60,NonResidential,46901.5,1,NORTHEAST,1.0,2,Retail Store,1.0,2950.0,5453438.5,2,3,2500.0,91022.0,0
28,SPS-District K-12,52924.0,0,CENTRAL,1.0,1,K-12 School,1.0,0.0,0.0,1,1,0.0,52924.0,0
50,NonResidential,61500.0,0,GREATER DUWAMISH,1.0,2,Warehouse,1.0,24433.0,3004271.0,1,2,0.0,136917.0,0
13,NonResidential,55026.0,0,EAST,1.0,5,Medical Office,0.5893577581506924,0.0,9941308.0,1,1,0.0,177748.0,0
38,NonResidential,60448.0,0,GREATER DUWAMISH,1.0,1,Warehouse,1.0,7746.0,1052244.75,2,2,0.0,60448.0,0
22,NonResidential,126140.71428571429,0,EAST,7.0,14,Hospital,1.0,441551.0,291614432.0,3,2,0.0,2080885.0,1
88,NonResidential,15650.0,0,MAGNOLIA / QUEEN ANNE,3.0,4,Other,1.0,0.0,11147342.0,2,1,0.0,215197.0,0
12,NonResidential,19353.0,1,EAST,1.0,4,Mixed Use Property,0.7208184777553868,19200.0,2655387.5,2,3,17000.0,62600.0,0
26,NonResidential,57883.8,0,EAST,1.0,5,Medical Office,0.4500810243971543,139000.0,12731388.0,2,2,0.0,285150.0,0
29,NonResidential,18053.2,0,NORTH,1.0,5,Other,1.0,0.0,7771933.5,1,1,0.0,87552.0,0
12,NonResidential,21833.0,0,Ballard,1.0,4,Warehouse,0.9260523061420785,0.0,1165598.875,2,1,0.0,87332.0,0
13,NonResidential,25090.833333333332,0,EAST,1.0,6,Hotel,0.667760470291275,50017.0,13410041.0,2,2,0.0,150545.0,0
17,NonResidential,28343.6,0,MAGNOLIA / QUEEN ANNE,1.0,5,Other,1.0,5803.0,19085174.0,2,2,0.0,140000.0,0
8,NonResidential,22371.2,1,MAGNOLIA / QUEEN ANNE,1.0,5,Hotel,0.8098179802603347,20000.0,9444484.0,2,3,4006.0,116006.0,0
28,NonResidential,33207.0,0,EAST,1.0,4,Warehouse,1.0,0.0,1083729.625,1,1,0.0,132828.0,0
46,NonResidential,70400.0,0,DELRIDGE,1.0,1,Warehouse,1.0,12353.0,13962749.0,2,2,0.0,70400.0,0
21,NonResidential,101830.0,0,NORTHWEST,1.0,1,Retail Store,1.0,0.0,10713006.0,2,1,0.0,130767.0,0
28,SPS-District K-12,18451.0,0,CENTRAL,1.0,3,K-12 School,1.0,0.0,0.0,1,1,0.0,55353.0,0
42,NonResidential,28500.0,0,CENTRAL,2.0,4,University,1.0,0.0,7575080.0,2,1,0.0,114000.0,0
14,SPS-District K-12,112687.66666666667,1,GREATER DUWAMISH,1.0,3,Other,1.0,50000.0,20675922.0,2,3,50000.0,280633.0,0
51,NonResidential,152365.0,0,SOUTHWEST,1.0,1,Warehouse,1.0,7858.0,1069749.75,2,2,0.0,157151.0,0
106,NonResidential,53491.0,0,CENTRAL,1.0,6,Medical Office,1.0,86298.0,25471308.0,2,2,0.0,322657.0,0
58,NonResidential,74178.0,0,GREATER DUWAMISH,1.0,1,Retail Store,1.0,0.0,5402181.0,2,1,0.0,74178.0,0
29,NonResidential,20090.0,0,NORTH,1.0,4,Warehouse,1.0,0.0,686019.1875,2,1,0.0,80360.0,0
66,SPS-District K-12,61183.0,0,SOUTHWEST,1.0,1,K-12 School,1.0,0.0,2424724.25,2,1,0.0,62975.0,0
20,NonResidential,39730.0,0,EAST,1.0,3,Supermarket / Grocery Store,1.0,0.0,10077532.0,2,1,0.0,46280.0,0
8,NonResidential,25928.0,0,GREATER DUWAMISH,1.0,2,Other,1.0,3753.0,1938613.125,1,2,0.0,51856.0,0
95,NonResidential,22046.0,1,GREATER DUWAMISH,1.0,3,Mixed Use Property,0.80970092836191,13884.0,7070998.5,1,3,13858.0,53786.0,0
56,NonResidential,37981.333333333336,0,NORTHEAST,1.0,3,Large Office,0.5742645510075125,0.0,17880184.0,2,1,0.0,65434.0,0
16,NonResidential,31026.333333333332,0,LAKE UNION,1.0,3,Low-Rise Multifamily,0.612232619602703,0.0,1997181.5,2,1,0.0,91064.0,0
59,NonResidential,11110.0,0,NORTHEAST,1.0,2,Worship Facility,1.0,0.0,778355.8125,2,1,0.0,22220.0,0
61,SPS-District K-12,46732.0,0,NORTHEAST,1.0,1,K-12 School,1.0,0.0,2331952.75,2,1,0.0,50956.0,0
54,NonResidential,44700.0,1,GREATER DUWAMISH,1.0,1,Mixed Use Property,1.0,14024.0,2042771.0,2,3,10095.0,47870.0,0
40,NonResidential,44100.0,0,GREATER DUWAMISH,1.0,1,Warehouse,1.0,0.0,1618916.375,1,1,0.0,40000.0,0
51,NonResidential,27800.0,0,GREATER DUWAMISH,1.0,1,Distribution Center,1.0,0.0,1224186.25,2,1,0.0,27800.0,0
15,NonResidential,46340.0,0,GREATER DUWAMISH,1.0,1,Warehouse,1.0,0.0,2564004.0,1,1,0.0,46340.0,0
22,Campus,22800.0,0,GREATER DUWAMISH,3.0,1,Other,1.0,0.0,2222097.5,2,1,0.0,22800.0,0
106,NonResidential,12820.0,0,CENTRAL,1.0,3,Small- and Mid-Sized Office,1.0,0.0,1950713.25,2,1,0.0,38460.0,0
94,NonResidential,10511.0,0,NORTHWEST,1.0,2,Worship Facility,1.0,0.0,945245.625,2,1,0.0,21022.0,0
62,SPS-District K-12,25744.5,0,SOUTHWEST,1.0,2,K-12 School,1.0,0.0,1984067.625,2,1,0.0,51489.0,0
49,NonResidential,48001.0,0,GREATER DUWAMISH,1.0,1,Distribution Center,1.0,0.0,2143650.75,2,1,0.0,48001.0,0
37,NonResidential,26380.0,0,GREATER DUWAMISH,1.0,1,Warehouse,1.0,2760.0,509124.0,2,2,0.0,26380.0,0
47,NonResidential,37351.0,0,GREATER DUWAMISH,1.0,1,Warehouse,1.0,9569.0,2559461.75,2,2,0.0,39120.0,0
35,NonResidential,30375.0,0,GREATER DUWAMISH,1.0,1,Warehouse,1.0,0.0,345866.6875,1,1,0.0,30375.0,0
37,NonResidential,30004.0,0,GREATER DUWAMISH,1.0,1,Warehouse,1.0,4950.0,369291.5,1,2,0.0,29230.0,0
88,NonResidential,13323.666666666666,1,NORTHEAST,1.0,3,Other,1.0,3142.0,10960107.0,2,3,644.0,39971.0,0
102,NonResidential,16794.5,0,BALLARD,1.0,2,Worship Facility,1.0,0.0,509836.1875,2,1,0.0,33589.0,0
37,NonResidential,14500.0,0,BALLARD,1.0,3,Small- and Mid-Sized Office,1.0,0.0,3220635.25,2,1,0.0,43495.0,0
38,NonResidential,14246.0,0,BALLARD,1.0,2,Small- and Mid-Sized Office,1.0,0.0,1896298.875,2,1,0.0,28492.0,0
53,NonResidential,7441.666666666667,1,BALLARD,1.0,3,Small- and Mid-Sized Office,1.0,1800.0,1401315.875,1,3,1000.0,20800.0,0
39,NonResidential,7573.0,0,BALLARD,1.0,3,Restaurant,1.0,0.0,1358519.0,1,2,0.0,22719.0,0
70,NonResidential,22294.0,0,DOWNTOWN,1.0,2,Laboratory,0.5065937023414372,0.0,7251589.0,1,1,0.0,69000.0,0
91,SPS-District K-12,18663.5,0,CENTRAL,1.0,2,K-12 School,1.0,0.0,1967476.375,2,1,0.0,48887.0,0
99,NonResidential,73772.5,0,DOWNTOWN,1.0,2,Retail Store,1.0,0.0,6787070.0,2,1,0.0,147545.0,0
93,Nonresidential COS,10731.0,0,NORTH,1.0,2,Other,1.0,200.0,1114384.625,1,2,0.0,25978.0,0
86,SPS-District K-12,23801.0,0,NORTHWEST,1.0,2,K-12 School,1.0,0.0,2249592.5,2,1,0.0,46066.0,0
99,NonResidential,14036.0,0,NORTHWEST,1.0,2,Other,1.0,0.0,1362523.0,2,1,0.0,23835.0,0
61,NonResidential,15510.0,0,DOWNTOWN,1.0,2,Restaurant,1.0,0.0,4970047.0,2,1,0.0,31020.0,0
99,NonResidential,10800.0,0,DOWNTOWN,1.0,2,Small- and Mid-Sized Office,1.0,7200.0,1636649.125,2,2,0.0,21600.0,0
42,NonResidential,12365.0,0,DOWNTOWN,1.0,5,Small- and Mid-Sized Office,0.7845531742822482,3547.0,4322873.0,2,2,0.0,41540.0,0
74,NonResidential,21543.333333333332,0,DOWNTOWN,1.0,3,Small- and Mid-Sized Office,1.0,0.0,1408291.375,1,1,0.0,64630.0,0
68,NonResidential,10460.0,0,DOWNTOWN,1.0,2,Worship Facility,1.0,0.0,1042108.5,2,1,0.0,20920.0,0
90,NonResidential,11064.0,0,SOUTHWEST,1.0,2,Worship Facility,1.0,0.0,608359.6875,2,1,0.0,22128.0,0
48,NonResidential,48139.0,0,NORTHWEST,1.0,1,Retail Store,1.0,0.0,859236.625,2,1,0.0,40000.0,0
14,NonResidential,29924.0,0,NORTHWEST,1.0,1,Other,1.0,0.0,0.0,0,1,0.0,29924.0,0
67,NonResidential,10682.0,0,SOUTHWEST,1.0,2,Worship Facility,1.0,6000.0,965651.125,2,2,0.0,21364.0,0
24,NonResidential,14461.5,0,DOWNTOWN,1.0,2,University,1.0,0.0,439311.9063,2,1,0.0,28800.0,0
88,NonResidential,7200.0,0,DOWNTOWN,1.0,3,University,1.0,0.0,323739.4063,2,1,0.0,21600.0,0
20,NonResidential,25735.0,0,NORTHEAST,1.0,1,Retail Store,1.0,0.0,1169394.875,2,1,0.0,25691.0,0
60,NonResidential,12931.0,0,NORTHEAST,1.0,2,Retail Store,1.0,300.0,4801472.0,2,2,0.0,25862.0,0
13,NonResidential,24982.5,0,NORTHEAST,1.0,2,Retail Store,1.0,2500.0,3377209.75,2,2,0.0,49965.0,0
87,NonResidential,10014.0,0,DOWNTOWN,1.0,2,Small- and Mid-Sized Office,1.0,0.0,511797.4063,2,1,0.0,20028.0,1
116,NonResidential,3374.5714285714284,0,DOWNTOWN,1.0,7,Small- and Mid-Sized Office,1.0,2285.0,552007.5,2,2,0.0,28480.0,0
114,NonResidential,7854.333333333333,0,DOWNTOWN,1.0,3,Small- and Mid-Sized Office,1.0,3380.0,883197.6875,1,2,0.0,23563.0,0
113,NonResidential,9533.333333333334,1,DOWNTOWN,1.0,3,Mixed Use Property,1.0,11000.0,1062722.625,2,3,3000.0,26000.0,0
38,NonResidential,19269.5,1,DOWNTOWN,1.0,2,Mixed Use Property,0.6787929110770907,12379.0,2186018.5,1,3,10611.0,38539.0,0
110,NonResidential,5368.0,0,DOWNTOWN,1.0,5,Small- and Mid-Sized Office,1.0,0.0,1989287.0,1,1,0.0,29040.0,0
110,NonResidential,23400.0,0,DOWNTOWN,1.0,2,Retail Store,1.0,10781.0,1245187.5,1,2,0.0,46800.0,0
37,NonResidential,21330.0,0,DOWNTOWN,1.0,3,Small- and Mid-Sized Office,0.5836849507735584,26640.0,2067352.5,2,2,0.0,65640.0,0
108,NonResidential,9600.0,1,DOWNTOWN,1.0,3,Small- and Mid-Sized Office,1.0,7200.0,1345025.75,2,3,6200.0,35000.0,0
62,NonResidential,11184.0,0,DOWNTOWN,1.0,3,Small- and Mid-Sized Office,0.851931330472103,4968.0,1696978.75,2,2,0.0,31524.0,0
85,NonResidential,13135.0,0,DOWNTOWN,1.0,2,Retail Store,1.0,0.0,1560461.75,2,1,0.0,26270.0,0
90,NonResidential,19206.666666666668,0,DOWNTOWN,1.0,3,Small- and Mid-Sized Office,0.8642832349878514,7820.0,2385395.0,1,2,0.0,57620.0,0
62,NonResidential,14348.0,1,DOWNTOWN,1.0,2,Mixed Use Property,0.7881237803178144,7760.0,418348.5,1,3,6080.0,26800.0,0
26,NonResidential,11560.0,0,DOWNTOWN,1.0,5,Hotel,1.0,0.0,2443065.25,2,1,0.0,57800.0,0
61,NonResidential,15945.0,0,DOWNTOWN,1.0,2,Other,1.0,0.0,1858224.625,1,1,0.0,31160.0,0
91,NonResidential,22049.0,0,DOWNTOWN,1.0,2,Small- and Mid-Sized Office,0.6902353848247086,13155.0,1441900.5,2,2,0.0,39075.0,1
93,NonResidential,7460.333333333333,0,DOWNTOWN,1.0,3,Restaurant,1.0,0.0,3532966.5,2,1,0.0,22381.0,0
90,NonResidential,12312.25,0,DOWNTOWN,0.0,4,Laboratory,1.0,7165.0,33268410.0,2,2,0.0,47749.0,0
91,NonResidential,24825.0,0,DOWNTOWN,1.0,1,Retail Store,0.9491238670694864,10439.0,439521.0938,2,2,0.0,24379.0,0
64,NonResidential,6667.5,0,DOWNTOWN,1.0,4,Medical Office,1.0,0.0,1553208.375,2,1,0.0,26670.0,0
94,Nonresidential COS,18870.0,0,DOWNTOWN,1.0,2,Other,1.0,0.0,3095882.0,2,1,0.0,38939.0,0
51,NonResidential,23752.0,1,DOWNTOWN,1.0,1,Small- and Mid-Sized Office,1.0,9435.0,1067153.75,2,3,0.0,23752.0,0
49,NonResidential,11104.0,0,DOWNTOWN,1.0,4,Hotel,1.0,0.0,2669564.25,2,1,0.0,52668.0,0
10,NonResidential,16896.0,1,DOWNTOWN,1.0,2,Mixed Use Property,0.3233013731060606,8540.0,2547848.0,2,3,1600.0,19109.0,0
15,SPS-District K-12,35805.0,0,MAGNOLIA / QUEEN ANNE,1.0,1,K-12 School,1.0,0.0,431471.6875,2,1,0.0,35805.0,0
88,NonResidential,22995.5,0,Northwest,1.0,2,Worship Facility,1.0,0.0,1145535.75,2,1,0.0,45991.0,0
95,NonResidential,7166.333333333333,0,NORTHEAST,1.0,3,Residence Hall,1.0,0.0,605130.6875,1,1,0.0,21499.0,0
27,NonResidential,10192.0,0,NORTHEAST,1.0,2,Small- and Mid-Sized Office,1.0,0.0,1791071.375,2,1,0.0,25021.0,0
60,NonResidential,19632.5,1,NORTHEAST,1.0,2,Retail Store,1.0,4388.0,5238803.0,2,3,2679.0,38972.0,0
60,NonResidential,27142.0,0,NORTHEAST,1.0,2,Retail Store,1.0,1900.0,6778694.0,2,2,0.0,54684.0,0
60,NonResidential,23409.0,0,NORTHEAST,1.0,1,Retail Store,1.0,1500.0,2545405.0,2,2,0.0,23409.0,0
19,NonResidential,63153.0,1,NORTHEAST,1.0,1,Retail Store,1.0,2757.0,4644178.0,2,3,1000.0,63153.0,0
55,NonResidential,12050.0,0,NORTHEAST,2.0,2,Hotel,1.0,0.0,1587454.75,2,1,0.0,30910.0,0
93,NonResidential,11200.0,0,DOWNTOWN,1.0,3,Restaurant,1.0,14400.0,4475650.0,2,2,0.0,33600.0,0
89,NonResidential,8089.0,0,DOWNTOWN,1.0,4,Other,1.0,6480.0,1857154.75,2,2,0.0,32356.0,1
56,NonResidential,8740.0,0,DOWNTOWN,1.0,7,Hotel,0.7881660673422687,0.0,3993913.25,2,1,0.0,61180.0,0
38,NonResidential,8701.2,0,DOWNTOWN,1.0,5,Small- and Mid-Sized Office,0.741414977244518,0.0,3460275.5,2,2,0.0,32569.0,0
106,NonResidential,11965.5,0,Northwest,1.0,2,Worship Facility,1.0,0.0,496477.3125,2,1,0.0,23931.0,0
68,NonResidential,10696.5,0,Northwest,1.0,2,Worship Facility,1.0,0.0,845961.375,2,1,0.0,21393.0,0
26,NonResidential,23780.0,1,SOUTHEAST,1.0,2,Mixed Use Property,1.0,15724.0,1132489.625,2,3,8255.0,47125.0,0
10,NonResidential,10389.0,1,EAST,1.0,6,Senior Care Community,1.0,15661.0,1076733.25,2,3,10877.0,62234.0,0
86,NonResidential,6986.666666666667,0,NORTHEAST,1.0,3,Residence Hall,1.0,0.0,1500309.75,2,1,0.0,20960.0,0
106,NonResidential,9600.0,0,DOWNTOWN,1.0,3,University,1.0,0.0,717056.375,2,1,0.0,28800.0,0
59,NonResidential,10800.0,0,DOWNTOWN,1.0,2,K-12 School,1.0,0.0,1261536.75,2,1,0.0,21600.0,0
21,NonResidential,7620.0,0,DOWNTOWN,1.0,3,K-12 School,1.0,0.0,931148.625,1,1,0.0,22860.0,0
44,NonResidential,26366.0,0,NORTHEAST,1.0,1,Worship Facility,1.0,0.0,888031.875,2,2,0.0,26386.0,0
51,NonResidential,10866.0,0,SOUTHEAST,1.0,2,Worship Facility,1.0,0.0,860364.1875,2,1,0.0,21732.0,0
71,NonResidential,21060.0,1,BALLARD,1.0,1,Mixed Use Property,1.0,10240.0,350264.5938,2,3,1890.0,22625.0,0
56,NonResidential,5134.75,1,BALLARD,1.0,4,Mixed Use Property,1.0,5264.0,1678458.75,2,3,3700.0,16351.0,0
58,SPS-District K-12,38624.0,0,NORTHEAST,1.0,1,K-12 School,1.0,0.0,1424157.25,2,1,0.0,41408.0,0
116,NonResidential,10986.666666666666,0,NORTHEAST,1.0,3,Retail Store,1.0,0.0,813641.0,1,1,0.0,32960.0,0
95,NonResidential,9878.666666666666,0,NORTHEAST,1.0,3,Other,1.0,4540.0,688641.8125,1,2,0.0,29636.0,0
86,NonResidential,6857.0,0,NORTHEAST,1.0,3,Hotel,1.0,0.0,716279.6875,1,1,0.0,20571.0,0
90,NonResidential,23996.0,0,NORTHEAST,1.0,2,Worship Facility,1.0,10206.0,3040195.5,2,2,0.0,48006.0,0
23,NonResidential,9524.0,0,NORTHEAST,1.0,3,Residence Hall,1.0,7000.0,2717863.25,2,2,0.0,29000.0,0
34,NonResidential,7718.333333333333,0,EAST,0.0,15,Residence Hall,0.7276182250053984,25000.0,2882489.75,1,2,0.0,175000.0,0
16,NonResidential,15693.0,0,NORTHEAST,1.0,2,Worship Facility,1.0,0.0,1128179.125,2,1,0.0,30000.0,0
27,Campus,7166.666666666667,0,NORTHEAST,5.0,3,K-12 School,1.0,0.0,6689184.0,2,1,0.0,96154.0,0
4,NonResidential,42058.0,0,LAKE UNION,1.0,2,Small- and Mid-Sized Office,0.6849945313614533,0.0,2641681.75,2,1,0.0,55000.0,0
91,NonResidential,11555.555555555555,0,DOWNTOWN,1.0,9,Hotel,1.0,8000.0,8690648.0,3,2,0.0,104000.0,1
45,SPS-District K-12,55206.0,0,GREATER DUWAMISH,1.0,1,K-12 School,1.0,0.0,2345752.5,2,1,0.0,55206.0,0
35,NonResidential,26124.666666666668,0,SOUTHEAST,1.0,3,Senior Care Community,1.0,0.0,3321035.75,1,2,0.0,58665.0,0
9,NonResidential,19392.0,0,BALLARD,1.0,2,Mixed Use Property,1.0,16826.0,1841154.25,2,2,0.0,33652.0,0
47,NonResidential,20895.0,0,GREATER DUWAMISH,1.0,2,Other,1.0,20000.0,2177075.0,2,2,0.0,41790.0,0
116,NonResidential,7992.0,0,DOWNTOWN,1.0,5,Small- and Mid-Sized Office,1.0,2840.0,2178690.5,2,2,0.0,39960.0,0
116,NonResidential,6660.0,0,DOWNTOWN,1.0,5,Warehouse,1.0,6000.0,90558.70313,1,2,0.0,30000.0,0
90,NonResidential,3294.5454545454545,0,DOWNTOWN,1.0,11,Hotel,1.0,0.0,2147968.25,3,1,0.0,36240.0,1
94,NonResidential,13106.666666666666,0,DOWNTOWN,1.0,3,Other,0.8229908443540183,0.0,3042875.5,3,1,0.0,39320.0,1
108,NonResidential,8307.2,0,DOWNTOWN,1.0,5,Other,1.0,0.0,2735166.0,1,1,0.0,41536.0,0
107,NonResidential,5970.0,0,DOWNTOWN,1.0,6,Hotel,1.0,0.0,3321603.0,2,1,0.0,35820.0,0
94,NonResidential,16731.0,0,SOUTHWEST,1.0,2,K-12 School,1.0,0.0,3987215.5,2,1,0.0,57896.0,0
51,NonResidential,16581.333333333332,0,SOUTHWEST,1.0,3,K-12 School,1.0,0.0,2096835.5,2,1,0.0,49744.0,0
93,NonResidential,18908.0,0,SOUTHWEST,1.0,2,Worship Facility,1.0,18701.0,1411305.5,2,2,0.0,38108.0,0
90,NonResidential,11657.5,1,SOUTHWEST,0.0,2,Mixed Use Property,1.0,6919.0,1354000.625,2,3,1976.0,16653.0,0
86,NonResidential,10350.0,1,SOUTHWEST,1.0,2,Mixed Use Property,1.0,6900.0,4265815.0,2,3,4323.0,18123.0,0
68,NonResidential,41521.0,1,SOUTHWEST,1.0,1,Other,0.6839189807567255,13124.0,3343550.0,2,3,2574.0,41939.0,0
70,NonResidential,12881.0,0,SOUTHWEST,1.0,2,Supermarket / Grocery Store,1.0,0.0,1906384.875,1,1,0.0,25762.0,0
32,NonResidential,33334.0,0,SOUTHWEST,1.0,1,Other,1.0,0.0,6118300.5,2,2,0.0,50000.0,0
35,NonResidential,14462.333333333334,0,SOUTHWEST,1.0,3,Small- and Mid-Sized Office,1.0,0.0,2686765.0,2,1,0.0,45000.0,0
37,NonResidential,39350.0,1,NORTH,1.0,1,Mixed Use Property,1.0,19249.0,267135.0938,1,3,2663.0,41183.0,0
67,NonResidential,22405.0,0,NORTH,0.0,1,Other,1.0,7500.0,3498214.75,2,2,0.0,18500.0,0
3,SPS-District K-12,32590.0,0,NORTH,1.0,1,Other,1.0,0.0,1361794.25,2,1,0.0,32590.0,0
31,NonResidential,37500.0,0,GREATER DUWAMISH,1.0,1,Warehouse,1.0,0.0,1811506.375,2,1,0.0,61419.0,0
26,NonResidential,19500.0,0,CENTRAL,1.0,2,Medical Office,1.0,0.0,2615247.75,2,1,0.0,39000.0,0
92,NonResidential,22180.0,0,SOUTHWEST,1.0,1,Other,1.0,8180.0,5089083.0,2,2,0.0,22180.0,0
45,SPS-District K-12,51704.0,0,GREATER DUWAMISH,1.0,1,K-12 School,1.0,0.0,1799402.75,2,1,0.0,51704.0,0
47,NonResidential,25920.0,1,GREATER DUWAMISH,1.0,1,Distribution Center,1.0,4051.0,1219744.75,2,3,2592.0,25920.0,0
63,NonResidential,25480.0,0,GREATER DUWAMISH,1.0,1,Refrigerated Warehouse,1.0,0.0,741287.1875,1,1,0.0,25480.0,0
46,NonResidential,15500.0,0,GREATER DUWAMISH,1.0,2,Warehouse,1.0,0.0,2301043.75,2,1,0.0,31000.0,0
55,NonResidential,29740.0,0,GREATER DUWAMISH,1.0,1,Small- and Mid-Sized Office,1.0,12208.0,1467060.25,2,2,0.0,30012.0,0
62,NonResidential,23236.0,1,GREATER DUWAMISH,1.0,1,Distribution Center,1.0,1250.0,433871.0,2,3,1250.0,23236.0,0
7,NonResidential,12691.666666666666,1,SOUTHEAST,1.0,3,Small- and Mid-Sized Office,1.0,6213.0,1921801.25,2,3,2825.0,38073.0,0
46,NonResidential,19585.0,0,SOUTHEAST,1.0,2,Small- and Mid-Sized Office,1.0,0.0,2130673.75,2,1,0.0,35500.0,0
39,Nonresidential COS,36070.0,0,SOUTHEAST,0.0,1,Other,1.0,0.0,1441665.375,1,1,0.0,66597.0,0
53,NonResidential,10023.5,0,SOUTHEAST,1.0,2,Other,1.0,0.0,117438.3984,1,1,0.0,20047.0,0
102,NonResidential,20000.0,0,GREATER DUWAMISH,1.0,1,Retail Store,1.0,0.0,557863.6875,1,1,0.0,20000.0,0
61,NonResidential,16200.0,0,GREATER DUWAMISH,1.0,2,Warehouse,1.0,0.0,248616.0,1,1,0.0,32700.0,0
54,NonResidential,25159.0,0,MAGNOLIA / QUEEN ANNE,1.0,1,Supermarket / Grocery Store,1.0,0.0,8905287.0,2,2,0.0,25883.0,0
68,Nonresidential COS,27247.0,1,MAGNOLIA / QUEEN ANNE,1.0,1,Other,1.0,7701.0,2332996.5,2,3,3045.0,25063.0,0
61,NonResidential,26680.0,0,GREATER DUWAMISH,1.0,1,Distribution Center,1.0,0.0,243518.2031,1,1,0.0,33987.0,0
63,NonResidential,31521.0,0,DELRIDGE,1.0,1,Warehouse,1.0,0.0,1788148.0,2,1,0.0,31521.0,0
65,NonResidential,24000.0,0,GREATER DUWAMISH,1.0,1,Warehouse,1.0,3600.0,1257033.5,2,2,0.0,24000.0,0
64,NonResidential,21900.0,0,GREATER DUWAMISH,1.0,1,Self-Storage Facility,1.0,0.0,1333637.625,2,1,0.0,21900.0,0
63,NonResidential,39900.0,0,GREATER DUWAMISH,1.0,1,Retail Store,1.0,15000.0,145468.7969,2,2,0.0,40000.0,0
55,NonResidential,38005.0,1,GREATER DUWAMISH,1.0,1,Warehouse,1.0,10974.0,752093.625,2,3,5471.0,38005.0,0
18,NonResidential,35579.0,0,GREATER DUWAMISH,1.0,1,Distribution Center,1.0,0.0,1096646.25,2,1,0.0,35579.0,0
41,NonResidential,49950.0,0,GREATER DUWAMISH,1.0,1,Distribution Center,1.0,0.0,238969.7031,1,1,0.0,49950.0,0
15,SPS-District K-12,20692.666666666668,0,EAST,1.0,3,K-12 School,1.0,0.0,1955013.5,2,1,0.0,62078.0,0
69,NonResidential,11306.0,0,MAGNOLIA / QUEEN ANNE,1.0,2,Worship Facility,1.0,0.0,731321.8125,2,1,0.0,22612.0,0
40,NonResidential,19393.5,0,NORTH,1.0,2,Other,1.0,0.0,3204685.5,2,2,0.0,38787.0,0
28,NonResidential,25184.0,0,NORTH,2.0,2,Self-Storage Facility,1.0,0.0,753275.1875,2,1,0.0,50369.0,0
78,NonResidential,30545.0,0,GREATER DUWAMISH,1.0,1,Warehouse,1.0,7000.0,1577040.875,2,2,0.0,30545.0,0
94,NonResidential,10897.0,0,MAGNOLIA / QUEEN ANNE,1.0,3,K-12 School,1.0,0.0,971990.3125,2,1,0.0,33550.0,0
53,NonResidential,12113.5,0,MAGNOLIA / QUEEN ANNE,1.0,2,Worship Facility,1.0,0.0,1086678.125,2,1,0.0,26210.0,0
60,NonResidential,27000.0,0,GREATER DUWAMISH,1.0,1,Distribution Center,1.0,0.0,651293.3125,2,1,0.0,27000.0,0
17,SPS-District K-12,31833.666666666668,0,LAKE UNION,1.0,3,K-12 School,1.0,0.0,3009967.0,2,1,0.0,95501.0,0
59,NonResidential,10591.5,0,LAKE UNION,1.0,2,Small- and Mid-Sized Office,1.0,7238.0,361542.0938,1,2,0.0,21183.0,0
55,NonResidential,9797.333333333334,0,LAKE UNION,1.0,3,Small- and Mid-Sized Office,0.869556341861731,3834.0,755618.1875,2,2,0.0,33226.0,0
31,NonResidential,27547.6,1,LAKE UNION,1.0,5,Large Office,0.5970320463488652,55504.0,4704936.5,1,3,4438.0,137738.0,0
28,NonResidential,7039.333333333333,0,LAKE UNION,1.0,3,Residence Hall,1.0,0.0,1361427.75,2,1,0.0,21118.0,0
3,NonResidential,41225.2,1,LAKE UNION,1.0,5,Large Office,0.6153614779309743,73177.0,4489661.0,2,3,8324.0,183442.0,0
116,NonResidential,10250.0,0,LAKE UNION,1.0,2,Small- and Mid-Sized Office,1.0,0.0,1326178.125,2,1,0.0,20500.0,0
50,NonResidential,17318.0,0,BALLARD,1.0,2,Senior Care Community,0.10497748007853101,0.0,12148720.0,2,2,0.0,36000.0,0
86,NonResidential,12760.5,0,NORTHEAST,1.0,2,Worship Facility,1.0,0.0,605186.3125,2,1,0.0,25521.0,0
30,NonResidential,23190.0,0,NORTHEAST,1.0,1,K-12 School,1.0,0.0,1705515.25,2,1,0.0,23190.0,0
56,NonResidential,20678.0,0,NORTHWEST,1.0,1,Small- and Mid-Sized Office,1.0,0.0,770333.0,2,1,0.0,23100.0,0
94,NonResidential,9606.666666666666,0,NORTHWEST,1.0,3,K-12 School,1.0,0.0,2595783.5,2,1,0.0,33780.0,0
62,NonResidential,13938.0,0,SOUTHEAST,1.0,2,Worship Facility,1.0,0.0,1829981.375,2,1,0.0,44816.0,0
91,SPS-District K-12,48789.0,0,MAGNOLIA / QUEEN ANNE,1.0,1,K-12 School,1.0,0.0,1298307.625,2,1,0.0,48789.0,0
91,SPS-District K-12,33105.0,0,SOUTHEAST,1.0,1,K-12 School,1.0,0.0,1725336.25,2,1,0.0,33105.0,0
50,NonResidential,24441.0,0,SOUTHEAST,1.0,2,Senior Care Community,0.8520314226095496,9079.0,6782435.0,2,2,0.0,51001.0,0
39,NonResidential,22320.0,0,GREATER DUWAMISH,1.0,1,Warehouse,1.0,0.0,439065.9063,1,1,0.0,22320.0,0
40,NonResidential,47105.0,0,GREATER DUWAMISH,1.0,1,Other,1.0,0.0,10234721.0,2,1,0.0,45320.0,0
34,NonResidential,20014.5,0,GREATER DUWAMISH,1.0,2,Small- and Mid-Sized Office,1.0,8200.0,1471914.25,1,2,0.0,40000.0,0
46,NonResidential,14152.0,0,GREATER DUWAMISH,1.0,2,Small- and Mid-Sized Office,1.0,0.0,1269367.5,1,1,0.0,27185.0,0
46,NonResidential,26400.0,0,GREATER DUWAMISH,1.0,1,Other,1.0,7200.0,452612.5,1,2,0.0,27760.0,0
48,NonResidential,27680.0,0,GREATER DUWAMISH,1.0,1,Warehouse,1.0,2680.0,1778431.75,2,2,0.0,27680.0,0
47,NonResidential,12936.0,0,GREATER DUWAMISH,1.0,2,Small- and Mid-Sized Office,1.0,2600.0,1787119.0,2,2,0.0,25872.0,0
47,NonResidential,12936.0,0,GREATER DUWAMISH,1.0,2,Small- and Mid-Sized Office,1.0,0.0,2399353.5,2,1,0.0,24988.0,0
47,NonResidential,20500.0,0,GREATER DUWAMISH,1.0,1,Warehouse,1.0,0.0,222600.0938,1,1,0.0,21386.0,0
58,NonResidential,10718.0,0,LAKE UNION,1.0,2,Small- and Mid-Sized Office,1.0,0.0,534703.6875,1,1,0.0,21436.0,0
18,NonResidential,20233.0,1,NORTHEAST,1.0,1,Mixed Use Property,1.0,6644.0,630250.125,2,3,6344.0,20233.0,0
10,NonResidential,9981.5,1,LAKE UNION,1.0,4,Small- and Mid-Sized Office,0.6894254370585583,12400.0,1010967.688,2,3,2575.0,39310.0,0
31,NonResidential,10472.333333333334,0,LAKE UNION,1.0,3,Small- and Mid-Sized Office,0.7418595028169462,12890.0,1126157.25,2,2,0.0,39185.0,0
88,NonResidential,7763.333333333333,0,DOWNTOWN,1.0,6,Self-Storage Facility,1.0,0.0,710275.375,1,1,0.0,46580.0,0
100,NonResidential,12960.0,0,DOWNTOWN,1.0,2,Retail Store,1.0,0.0,478690.0938,1,1,0.0,25920.0,0
97,NonResidential,12960.0,0,DOWNTOWN,1.0,2,Retail Store,1.0,0.0,1011667.5,2,1,0.0,38880.0,0
106,NonResidential,7715.125,0,DOWNTOWN,1.0,8,Hotel,1.0,0.0,2897079.75,2,1,0.0,0.0,0
97,NonResidential,12960.0,0,DOWNTOWN,1.0,2,Small- and Mid-Sized Office,1.0,0.0,1793851.375,2,1,0.0,23995.0,0
91,NonResidential,9940.0,0,EAST,1.0,4,Small- and Mid-Sized Office,1.0,0.0,2478960.0,3,1,0.0,39760.0,1
96,NonResidential,10323.666666666666,0,EAST,1.0,3,Other,1.0,0.0,2823184.0,3,1,0.0,30971.0,1
70,NonResidential,7555.666666666667,0,EAST,1.0,3,Small- and Mid-Sized Office,1.0,0.0,3767135.0,3,1,0.0,22667.0,1
89,NonResidential,16920.0,1,LAKE UNION,1.0,2,Warehouse,1.0,13660.0,2227638.25,2,3,1440.0,33840.0,0
15,NonResidential,13942.333333333334,1,LAKE UNION,5.0,3,Mixed Use Property,0.7794247734716809,14128.0,4193371.0,2,3,9680.0,38081.0,0
15,NonResidential,6748.0,1,LAKE UNION,1.0,5,Small- and Mid-Sized Office,0.8218731475992886,8762.0,1291405.25,1,3,1500.0,26170.0,0
105,NonResidential,10258.0,0,LAKE UNION,1.0,2,Retail Store,1.0,8000.0,1021796.625,2,2,0.0,18155.0,0
110,NonResidential,9160.0,0,LAKE UNION,1.0,3,Retail Store,1.0,8668.0,1215156.25,1,2,0.0,30886.0,0
69,NonResidential,46958.0,1,LAKE UNION,1.0,1,Mixed Use Property,1.0,33976.0,1818867.875,2,3,4579.0,78868.0,0
32,NonResidential,26532.0,0,LAKE UNION,1.0,1,Distribution Center,1.0,0.0,1934224.25,2,1,0.0,26532.0,0
35,NonResidential,11194.0,0,LAKE UNION,1.0,2,Small- and Mid-Sized Office,1.0,2788.0,576405.125,2,2,0.0,22388.0,0
47,NonResidential,30730.0,0,LAKE UNION,1.0,1,Other,1.0,0.0,3050455.25,2,1,0.0,30730.0,0
30,NonResidential,17800.0,0,LAKE UNION,1.0,2,Small- and Mid-Sized Office,1.0,0.0,2173143.75,2,2,0.0,36839.0,0
67,NonResidential,20666.666666666668,0,MAGNOLIA / QUEEN ANNE,1.0,3,Worship Facility,1.0,5000.0,1799664.125,2,2,0.0,62200.0,0
35,NonResidential,11800.0,0,MAGNOLIA / QUEEN ANNE,1.0,2,Small- and Mid-Sized Office,1.0,0.0,776248.6875,1,1,0.0,23600.0,0
30,NonResidential,13355.666666666666,0,MAGNOLIA / QUEEN ANNE,1.0,3,Small- and Mid-Sized Office,1.0,0.0,2303732.75,1,1,0.0,40067.0,0
27,NonResidential,8806.333333333334,0,MAGNOLIA / QUEEN ANNE,1.0,3,Small- and Mid-Sized Office,0.7379915969567357,0.0,1074989.0,1,1,0.0,26419.0,0
37,NonResidential,8420.666666666666,0,MAGNOLIA / QUEEN ANNE,1.0,3,Small- and Mid-Sized Office,1.0,0.0,1469556.25,2,1,0.0,25262.0,0
20,NonResidential,17701.0,0,LAKE UNION,0.0,3,Other,1.0,0.0,4877959.0,2,1,0.0,38723.0,0
36,NonResidential,11368.666666666666,0,MAGNOLIA / QUEEN ANNE,1.0,3,Small- and Mid-Sized Office,1.0,0.0,1619177.125,1,1,0.0,32739.0,0
36,NonResidential,11515.0,0,MAGNOLIA / QUEEN ANNE,1.0,3,Small- and Mid-Sized Office,1.0,0.0,2313978.75,1,1,0.0,34545.0,0
36,NonResidential,23432.0,0,MAGNOLIA / QUEEN ANNE,1.0,3,Small- and Mid-Sized Office,1.0,0.0,2782066.5,1,1,0.0,70296.0,0
114,NonResidential,6959.5,0,DOWNTOWN,1.0,4,Small- and Mid-Sized Office,1.0,0.0,1217509.125,1,1,0.0,27838.0,0
45,NonResidential,14184.0,0,DELRIDGE,2.0,2,Distribution Center,1.0,9408.0,1856230.625,2,2,0.0,44708.0,0
52,NonResidential,46040.0,0,NORTHWEST,1.0,2,Other,1.0,0.0,5155090.5,2,1,0.0,92129.0,0
55,NonResidential,20236.0,0,NORTHWEST,1.0,1,Other,1.0,0.0,1965182.25,2,1,0.0,20236.0,0
65,NonResidential,19907.5,0,NORTHWEST,1.0,2,Small- and Mid-Sized Office,1.0,12697.0,2050600.75,2,2,0.0,39815.0,0
46,Nonresidential COS,6389.25,0,NORTHWEST,1.0,4,Other,1.0,0.0,2280352.5,1,1,0.0,25557.0,0
58,Nonresidential COS,13497.0,0,NORTHWEST,1.0,2,Other,1.0,10751.0,3076813.25,2,2,0.0,26994.0,0
44,NonResidential,48112.0,0,NORTHWEST,1.0,1,Warehouse,1.0,0.0,1485945.875,1,1,0.0,48112.0,0
7,NonResidential,20909.0,0,NORTHWEST,1.0,1,Other,1.0,0.0,1208029.25,2,2,0.0,19050.0,0
15,NonResidential,21396.5,0,NORTHWEST,1.0,2,Small- and Mid-Sized Office,0.6140022900941743,16518.0,1772188.5,1,2,0.0,42793.0,0
9,NonResidential,22500.0,0,NORTHWEST,1.0,2,Other,1.0,0.0,5912066.0,2,1,0.0,45000.0,0
18,NonResidential,26115.0,0,NORTHWEST,1.0,1,Retail Store,1.0,0.0,1689372.625,2,1,0.0,26115.0,0
67,NonResidential,26033.0,0,NORTHEAST,1.0,1,Worship Facility,1.0,0.0,1149140.25,2,2,0.0,30044.0,0
9,NonResidential,12165.0,0,MAGNOLIA / QUEEN ANNE,1.0,4,K-12 School,1.0,0.0,1881516.125,2,1,0.0,49468.0,0
46,NonResidential,23269.5,0,MAGNOLIA / QUEEN ANNE,1.0,2,Senior Care Community,1.0,0.0,5400049.5,2,1,0.0,46539.0,0
107,NonResidential,7449.0,0,DOWNTOWN,1.0,4,Residence Hall,1.0,0.0,2233262.0,2,1,0.0,29796.0,0
96,NonResidential,13200.0,1,DOWNTOWN,1.0,2,Retail Store,1.0,7200.0,983595.875,2,3,2788.0,24416.0,0
98,NonResidential,12716.0,0,DOWNTOWN,1.0,3,Small- and Mid-Sized Office,1.0,12495.0,1262255.75,1,2,0.0,50348.0,0
88,NonResidential,14400.0,0,LAKE UNION,1.0,2,Mixed Use Property,1.0,14400.0,456953.0,2,2,0.0,28800.0,0
61,NonResidential,6389.0,0,MAGNOLIA / QUEEN ANNE,1.0,5,Worship Facility,1.0,0.0,1806468.0,1,2,0.0,31945.0,0
31,NonResidential,17192.6,0,MAGNOLIA / QUEEN ANNE,1.0,5,Small- and Mid-Sized Office,0.6154740993218012,33055.0,4480961.0,1,2,0.0,85963.0,0
116,NonResidential,8670.0,0,DOWNTOWN,1.0,4,Retail Store,1.0,0.0,1169948.875,2,1,0.0,34680.0,0
48,NonResidential,25019.333333333332,0,DOWNTOWN,1.0,3,Worship Facility,0.540222228143569,0.0,5587347.0,2,1,0.0,75058.0,0
113,NonResidential,19240.0,0,DOWNTOWN,1.0,3,Small- and Mid-Sized Office,1.0,0.0,24105.5,1,1,0.0,25000.0,0
101,NonResidential,36504.0,0,DOWNTOWN,1.0,1,Retail Store,1.0,0.0,2100982.75,2,1,0.0,16200.0,0
109,NonResidential,5866.666666666667,0,DOWNTOWN,1.0,6,Small- and Mid-Sized Office,1.0,0.0,2998208.25,1,1,0.0,35200.0,0
109,NonResidential,7168.0,0,DOWNTOWN,1.0,5,Small- and Mid-Sized Office,1.0,0.0,1538750.625,2,1,0.0,35840.0,0
75,NonResidential,12960.0,0,DOWNTOWN,1.0,2,Other,1.0,0.0,1333432.125,1,1,0.0,23230.0,0
88,NonResidential,7631.25,0,DOWNTOWN,1.0,4,Small- and Mid-Sized Office,1.0,6104.0,2883139.0,2,2,0.0,21713.0,1
52,NonResidential,12310.75,0,EAST,1.0,4,Other,1.0,0.0,8476183.0,2,1,0.0,52284.0,0
104,NonResidential,6803.666666666667,0,EAST,0.0,3,Other,1.0,0.0,2014475.875,2,1,0.0,20411.0,0
54,NonResidential,15427.5,0,EAST,1.0,2,Medical Office,0.6666666666666666,0.0,2946756.25,2,1,0.0,21571.0,0
106,NonResidential,24516.333333333332,0,EAST,1.0,3,Small- and Mid-Sized Office,1.0,31917.0,2828950.5,2,2,0.0,73549.0,0
28,NonResidential,9156.0,0,EAST,1.0,5,Other,0.7509829619921363,4500.0,10834087.0,3,2,0.0,50280.0,1
53,NonResidential,13038.333333333334,0,EAST,0.0,3,Medical Office,1.0,0.0,3735308.5,2,1,0.0,50000.0,0
100,NonResidential,12679.333333333334,1,EAST,1.0,3,Other,1.0,1184.0,1107290.625,2,3,436.0,37506.0,1
54,NonResidential,12598.666666666666,0,EAST,1.0,3,Worship Facility,1.0,17600.0,2465983.5,3,2,0.0,70600.0,1
23,Nonresidential COS,27744.0,1,Ballard,1.0,1,Small- and Mid-Sized Office,1.0,6060.0,5355753.0,1,3,3304.0,27744.0,0
56,NonResidential,36444.0,0,BALLARD,1.0,1,Warehouse,1.0,0.0,161311.0938,1,1,0.0,36444.0,0
66,NonResidential,27553.0,0,BALLARD,1.0,1,Warehouse,1.0,0.0,966677.125,2,1,0.0,27553.0,0
65,NonResidential,57310.0,0,BALLARD,3.0,1,Distribution Center,1.0,0.0,1253745.5,2,1,0.0,57310.0,0
96,NonResidential,12960.0,1,LAKE UNION,1.0,2,Mixed Use Property,1.0,7016.0,989079.5,2,3,3609.0,20734.0,0
97,NonResidential,13562.0,0,LAKE UNION,1.0,3,Restaurant,1.0,0.0,2106073.5,2,1,0.0,40686.0,0
52,NonResidential,22635.5,0,LAKE UNION,1.0,2,Retail Store,1.0,0.0,2553763.5,2,1,0.0,45271.0,0
96,NonResidential,9460.0,0,LAKE UNION,1.0,3,Small- and Mid-Sized Office,0.5708245243128964,0.0,1372213.375,2,1,0.0,28380.0,0
7,NonResidential,101632.0,1,LAKE UNION,1.0,5,Large Office,1.0,162894.0,28053172.0,2,3,11846.0,504590.0,0
90,NonResidential,8725.333333333334,0,LAKE UNION,1.0,3,Small- and Mid-Sized Office,1.0,0.0,966907.375,2,1,0.0,23730.0,0
90,NonResidential,37740.0,0,LAKE UNION,1.0,1,Small- and Mid-Sized Office,1.0,0.0,7442314.5,2,2,0.0,37481.0,0
55,Nonresidential COS,26000.0,0,MAGNOLIA / QUEEN ANNE,1.0,1,Other,1.0,0.0,5277482.5,2,1,0.0,49847.0,1
7,NonResidential,7747.0,0,MAGNOLIA / QUEEN ANNE,1.0,3,Worship Facility,1.0,0.0,739210.5,2,1,0.0,23241.0,0
54,NonResidential,155795.0,0,MAGNOLIA / QUEEN ANNE,1.0,1,Other,1.0,0.0,17673018.0,2,1,0.0,155795.0,0
14,Nonresidential COS,21018.0,0,MAGNOLIA / QUEEN ANNE,1.0,1,Other,1.0,0.0,1761137.5,2,1,0.0,21018.0,1
18,Nonresidential COS,30533.0,0,MAGNOLIA / QUEEN ANNE,1.0,1,Other,1.0,0.0,5903015.0,2,1,0.0,28631.0,0
55,NonResidential,16985.5,0,MAGNOLIA / QUEEN ANNE,1.0,2,Other,1.0,0.0,17686444.0,2,1,0.0,50000.0,0
24,Nonresidential COS,20300.0,0,MAGNOLIA / QUEEN ANNE,1.0,2,Other,1.0,0.0,2485521.0,3,1,0.0,33000.0,1
17,NonResidential,9509.5,0,LAKE UNION,1.0,4,Small- and Mid-Sized Office,1.0,19600.0,2003807.75,1,2,0.0,57638.0,0
9,NonResidential,16149.0,0,LAKE UNION,1.0,4,Small- and Mid-Sized Office,0.6192333890643383,21350.0,2524228.25,2,2,0.0,62941.0,0
88,NonResidential,13822.0,1,LAKE UNION,1.0,3,Small- and Mid-Sized Office,0.8538079390343897,5000.0,9190442.0,2,3,1250.0,41654.0,0
3,NonResidential,21785.0,1,LAKE UNION,1.0,6,Large Office,0.22882717466146432,88960.0,7429423.0,2,3,5436.0,214944.0,0
90,NonResidential,8945.0,1,LAKE UNION,1.0,4,Small- and Mid-Sized Office,1.0,8214.0,1912760.75,1,3,5225.0,35780.0,0
52,NonResidential,6283.0,1,MAGNOLIA / QUEEN ANNE,1.0,4,Mixed Use Property,0.709215342989018,8000.0,564754.1875,1,3,2095.0,18156.0,0
50,Nonresidential COS,49680.0,0,DOWNTOWN,1.0,1,Other,1.0,0.0,2844685.0,2,1,0.0,49680.0,1
54,Nonresidential COS,36314.0,0,DOWNTOWN,1.0,1,Other,1.0,0.0,1832808.75,3,1,0.0,36314.0,1
100,NonResidential,12960.0,1,DOWNTOWN,1.0,2,Other,1.0,4329.0,1257774.625,1,3,4029.0,20246.0,0
97,NonResidential,11921.5,0,DOWNTOWN,1.0,4,Small- and Mid-Sized Office,1.0,8500.0,2071670.25,2,2,0.0,34000.0,1
116,NonResidential,16586.666666666668,0,DOWNTOWN,1.0,3,Other,1.0,0.0,44293.5,1,1,0.0,24019.0,0
116,Campus,24640.0,1,DOWNTOWN,1.0,2,Mixed Use Property,1.0,9240.0,5437110.5,2,3,8199.0,33053.0,0
74,Campus,11375.0,1,DOWNTOWN,1.0,4,Low-Rise Multifamily,1.0,10455.0,3778355.0,1,3,3668.0,36792.0,0
104,Campus,12690.0,1,DOWNTOWN,1.0,2,Restaurant,1.0,6426.0,6901554.0,2,3,1840.0,25380.0,0
101,NonResidential,6785.833333333333,1,DOWNTOWN,1.0,6,Small- and Mid-Sized Office,1.0,16260.0,2827772.75,2,3,3560.0,40715.0,0
26,NonResidential,20516.25,1,DOWNTOWN,1.0,4,Mixed Use Property,0.5759458965454213,27594.0,1717130.875,1,3,13945.0,77575.0,0
106,NonResidential,9040.0,0,DOWNTOWN,1.0,4,Small- and Mid-Sized Office,1.0,0.0,1862176.875,1,1,0.0,36160.0,0
98,NonResidential,34617.0,1,DOWNTOWN,1.0,1,Mixed Use Property,1.0,5813.0,5136604.5,2,3,5581.0,17849.0,0
107,NonResidential,13380.0,0,DOWNTOWN,1.0,5,Small- and Mid-Sized Office,1.0,0.0,1634178.25,2,1,0.0,68048.0,0
106,NonResidential,9780.0,1,DOWNTOWN,1.0,3,Mixed Use Property,1.0,11592.0,2160420.0,2,3,2836.0,27142.0,0
86,NonResidential,11355.0,0,DOWNTOWN,0.0,2,Other,1.0,0.0,287763.5,1,1,0.0,22710.0,0
16,NonResidential,16833.0,0,LAKE UNION,1.0,3,Small- and Mid-Sized Office,0.7318758787302719,13540.0,3205182.5,2,2,0.0,50499.0,0
52,NonResidential,10893.0,0,LAKE UNION,1.0,5,Small- and Mid-Sized Office,0.8236482144496465,0.0,3600571.25,2,2,0.0,57972.0,0
86,NonResidential,22980.0,0,EAST,1.0,2,K-12 School,1.0,0.0,4167253.75,2,1,0.0,45960.0,0
57,NonResidential,10564.0,0,LAKE UNION,1.0,2,Small- and Mid-Sized Office,1.0,0.0,436604.0938,1,1,0.0,21128.0,0
8,NonResidential,68610.5,1,LAKE UNION,1.0,4,Mixed Use Property,1.0,105499.0,9155568.0,2,3,58152.0,272414.0,0
3,NonResidential,17184.0,0,LAKE UNION,1.0,3,Small- and Mid-Sized Office,1.0,650.0,1539066.375,1,2,0.0,54800.0,0
57,NonResidential,9630.0,0,LAKE UNION,1.0,4,Hotel,1.0,0.0,2804534.0,2,1,0.0,38500.0,0
55,NonResidential,9728.666666666666,0,LAKE UNION,1.0,3,Hotel,0.8541766600424862,0.0,867184.375,2,1,0.0,19000.0,0
56,NonResidential,27338.0,0,LAKE UNION,1.0,1,Worship Facility,1.0,0.0,581289.0,1,1,0.0,27338.0,0
17,NonResidential,42875.0,0,EAST,1.0,2,Other,0.2345189504373178,20000.0,2045592.0,2,2,0.0,85000.0,0
54,NonResidential,17208.0,1,MAGNOLIA / QUEEN ANNE,1.0,2,Laboratory,1.0,13767.0,12015936.0,2,3,2000.0,36416.0,0
86,NonResidential,15288.0,0,MAGNOLIA / QUEEN ANNE,1.0,3,Small- and Mid-Sized Office,1.0,0.0,2590622.0,2,1,0.0,45864.0,0
17,NonResidential,24626.0,0,NORTHWEST,1.0,2,K-12 School,1.0,0.0,3485865.5,2,1,0.0,61099.0,0
66,SPS-District K-12,34005.0,0,North,1.0,1,K-12 School,1.0,0.0,991918.0,2,1,0.0,50337.0,0
67,SPS-District K-12,41221.0,0,SOUTHWEST,1.0,1,K-12 School,1.0,0.0,2246747.5,2,1,0.0,60814.0,0
29,NonResidential,11058.666666666666,0,LAKE UNION,1.0,3,Small- and Mid-Sized Office,1.0,15000.0,1426279.5,2,2,0.0,48176.0,0
23,NonResidential,8398.0,1,LAKE UNION,1.0,3,Retail Store,0.8505993490513615,8044.0,1878742.875,2,3,2635.0,21430.0,0
16,SPS-District K-12,37802.5,0,SOUTHEAST,1.0,2,K-12 School,1.0,0.0,2274873.5,2,1,0.0,75605.0,0
8,SPS-District K-12,14762.5,0,SOUTHEAST,1.0,2,K-12 School,1.0,0.0,1297812.75,2,1,0.0,29525.0,0
39,NonResidential,221.6969696969697,0,GREATER DUWAMISH,1.0,99,Worship Facility,1.0,0.0,326001.1875,1,1,0.0,21948.0,0
89,NonResidential,10397.0,0,EAST,1.0,3,Other,1.0,1096.0,5876439.0,2,2,0.0,31191.0,0
62,SPS-District K-12,42292.0,0,NORTH,1.0,1,K-12 School,1.0,0.0,0.0,0,1,0.0,43188.0,0
69,NonResidential,37377.0,1,NORTH,1.0,1,Other,1.0,3468.0,3040978.0,2,3,840.0,35611.0,0
39,NonResidential,29380.0,1,GREATER DUWAMISH,1.0,1,Warehouse,1.0,6837.0,856088.625,1,3,5775.0,29380.0,0
94,NonResidential,11344.0,0,EAST,1.0,2,Worship Facility,1.0,0.0,331675.0,2,1,0.0,22688.0,0
54,NonResidential,11182.0,0,SOUTHEAST,1.0,2,Other,1.0,0.0,1467029.75,2,2,0.0,22364.0,0
34,NonResidential,20631.0,0,GREATER DUWAMISH,1.0,2,Small- and Mid-Sized Office,1.0,0.0,1903455.875,1,1,0.0,40738.0,0
63,NonResidential,21591.5,0,LAKE UNION,1.0,2,Small- and Mid-Sized Office,1.0,11497.0,7408342.0,2,2,0.0,38077.0,0
108,NonResidential,15226.666666666666,0,NORTH,1.0,3,Worship Facility,1.0,0.0,2077039.375,2,1,0.0,45680.0,0
10,NonResidential,51724.857142857145,0,LAKE UNION,1.0,14,Senior Care Community,1.0,0.0,37797084.0,2,1,0.0,726000.0,0
59,NonResidential,23562.0,0,SOUTHWEST,1.0,1,Worship Facility,1.0,15212.0,531737.1875,1,2,0.0,33490.0,0
17,NonResidential,7211.0,0,Ballard,1.0,4,Small- and Mid-Sized Office,1.0,10200.0,910718.6875,1,2,0.0,20492.0,0
28,SPS-District K-12,27264.0,0,DELRIDGE,1.0,2,K-12 School,1.0,0.0,1972078.625,1,1,0.0,54285.0,0
27,NonResidential,21101.0,0,GREATER DUWAMISH,1.0,1,Warehouse,1.0,2728.0,675772.875,2,2,0.0,21101.0,0
102,NonResidential,22797.0,0,GREATER DUWAMISH,1.0,2,Refrigerated Warehouse,1.0,0.0,1351267.875,1,1,0.0,45594.0,0
66,NonResidential,26660.0,0,GREATER DUWAMISH,1.0,1,Other,1.0,0.0,2241280.5,1,1,0.0,26660.0,0
41,NonResidential,28126.0,0,GREATER DUWAMISH,1.0,1,Warehouse,1.0,6346.0,870625.8125,2,2,0.0,28126.0,0
52,NonResidential,35000.0,0,GREATER DUWAMISH,1.0,1,Warehouse,1.0,0.0,378714.4063,1,1,0.0,35000.0,0
54,NonResidential,26150.0,0,GREATER DUWAMISH,1.0,1,Warehouse,1.0,0.0,1208407.625,2,1,0.0,26150.0,0
49,NonResidential,12000.0,0,GREATER DUWAMISH,1.0,2,Small- and Mid-Sized Office,1.0,0.0,1088556.25,1,1,0.0,24000.0,0
48,NonResidential,8718.8,0,EAST,1.0,5,K-12 School,1.0,0.0,2478045.5,2,1,0.0,40809.0,0
104,NonResidential,28080.0,0,LAKE UNION,1.0,1,Distribution Center,1.0,2500.0,794724.625,2,2,0.0,28080.0,0
62,NonResidential,25649.0,0,NORTHWEST,1.0,2,Senior Care Community,1.0,0.0,5655578.0,2,1,0.0,51298.0,0
54,NonResidential,22047.0,0,NORTHWEST,1.0,1,Worship Facility,1.0,0.0,265774.9063,1,2,0.0,22898.0,0
37,NonResidential,31600.0,0,GREATER DUWAMISH,1.0,1,Warehouse,1.0,0.0,3363535.5,2,1,0.0,31600.0,0
9,NonResidential,35289.0,0,GREATER DUWAMISH,1.0,1,Warehouse,1.0,0.0,876425.0,2,1,0.0,35289.0,0
35,NonResidential,28920.0,0,GREATER DUWAMISH,1.0,1,Warehouse,1.0,0.0,1750419.0,2,1,0.0,30000.0,0
38,NonResidential,22176.0,0,GREATER DUWAMISH,1.0,1,Warehouse,1.0,0.0,736428.625,2,1,0.0,22176.0,0
38,NonResidential,31300.0,0,GREATER DUWAMISH,1.0,1,Warehouse,1.0,0.0,362874.0,2,1,0.0,31300.0,0
37,NonResidential,22000.0,0,GREATER DUWAMISH,1.0,1,Warehouse,1.0,0.0,700627.625,1,2,0.0,22000.0,0
42,NonResidential,13309.0,0,NORTH,1.0,3,Small- and Mid-Sized Office,1.0,0.0,3568419.5,1,2,0.0,39541.0,0
37,NonResidential,30610.0,0,NORTH,1.0,1,Other,1.0,7290.0,4294550.0,2,2,0.0,30610.0,0
36,NonResidential,13465.0,0,NORTH,1.0,2,Medical Office,0.7642034905310063,0.0,1002995.0,1,1,0.0,26930.0,0
48,NonResidential,19372.5,0,NORTH,1.0,2,Medical Office,1.0,0.0,2890379.0,2,2,0.0,65069.0,0
57,NonResidential,10148.0,0,NORTHEAST,1.0,2,Self-Storage Facility,1.0,0.0,855665.125,1,1,0.0,20296.0,0
71,NonResidential,11067.5,1,NORTHEAST,1.0,2,Mixed Use Property,1.0,8116.0,1261634.5,2,3,3200.0,21704.0,0
49,NonResidential,12792.666666666666,0,NORTHEAST,1.0,3,Medical Office,1.0,3312.0,1645605.125,2,2,0.0,38378.0,0
36,NonResidential,16788.0,0,NORTHEAST,1.0,2,Warehouse,1.0,0.0,1275231.75,2,1,0.0,33576.0,0
41,NonResidential,33005.0,0,NORTHEAST,1.0,1,Supermarket / Grocery Store,1.0,0.0,10642754.0,2,2,0.0,34982.0,0
35,NonResidential,20971.0,1,EAST,1.0,1,Other,1.0,10360.0,729397.1875,1,3,8509.0,42352.0,0
89,NonResidential,7970.0,0,MAGNOLIA / QUEEN ANNE,1.0,3,Small- and Mid-Sized Office,1.0,3910.0,873577.3125,2,2,0.0,23910.0,0
106,NonResidential,10882.5,0,BALLARD,1.0,2,Worship Facility,1.0,0.0,431390.4063,2,1,0.0,21765.0,0
77,Campus,1100000.0,0,EAST,1.0,2,University,1.0,318960.0,114648520.0,2,2,0.0,2038603.0,0
115,NonResidential,13280.0,0,CENTRAL,1.0,2,Worship Facility,1.0,0.0,1751483.875,2,1,0.0,26560.0,0
59,NonResidential,10070.0,0,LAKE UNION,1.0,2,Warehouse,1.0,0.0,116486.6016,1,1,0.0,20140.0,0
24,NonResidential,19422.5,0,GREATER DUWAMISH,1.0,2,Retail Store,1.0,6000.0,6917280.0,2,2,0.0,44845.0,0
63,NonResidential,26092.0,0,GREATER DUWAMISH,1.0,1,Supermarket / Grocery Store,1.0,0.0,7619445.0,2,2,0.0,25946.0,0
61,SPS-District K-12,38582.0,0,NORTH,1.0,1,K-12 School,1.0,0.0,1848878.5,2,1,0.0,40374.0,0
49,NonResidential,25500.0,0,GREATER DUWAMISH,1.0,1,Small- and Mid-Sized Office,1.0,0.0,1213869.75,2,1,0.0,25500.0,0
55,NonResidential,41895.0,0,GREATER DUWAMISH,1.0,1,Warehouse,1.0,2596.0,1242311.5,2,2,0.0,40120.0,0
58,NonResidential,28096.5,0,GREATER DUWAMISH,1.0,2,Retail Store,1.0,0.0,2497942.75,2,1,0.0,56193.0,0
94,NonResidential,11816.0,0,BALLARD,1.0,3,K-12 School,1.0,0.0,1379932.5,2,1,0.0,35448.0,0
50,NonResidential,29214.0,0,BALLARD,1.0,1,Supermarket / Grocery Store,1.0,0.0,9336239.0,2,1,0.0,29214.0,0
16,NonResidential,89103.0,0,BALLARD,1.0,1,Supermarket / Grocery Store,0.5170196289687216,0.0,14029480.0,2,2,0.0,47034.0,0
55,NonResidential,32000.0,0,BALLARD,1.0,1,Other,1.0,4700.0,1331122.125,2,2,0.0,34580.0,0
106,NonResidential,15570.0,1,BALLARD,1.0,2,Mixed Use Property,1.0,9400.0,935580.3125,2,3,6900.0,31140.0,0
41,NonResidential,13826.0,0,BALLARD,1.0,3,Warehouse,1.0,9546.0,3035962.25,2,2,0.0,41478.0,0
36,NonResidential,39840.0,0,BALLARD,1.0,1,Warehouse,1.0,0.0,752104.0,1,1,0.0,39840.0,0
12,Nonresidential COS,30576.0,0,BALLARD,1.0,1,Other,0.49058084772370486,3100.0,1533245.75,2,2,0.0,18100.0,0
92,NonResidential,10764.0,0,BALLARD,1.0,2,Other,1.0,0.0,306911.0938,2,1,0.0,21528.0,0
88,NonResidential,15000.0,0,BALLARD,1.0,2,Other,1.0,0.0,1094940.75,2,2,0.0,25828.0,0
74,NonResidential,15043.5,0,BALLARD,1.0,2,Other,1.0,0.0,5274642.0,1,1,0.0,30554.0,0
41,NonResidential,40445.0,0,BALLARD,1.0,1,Worship Facility,1.0,0.0,786253.6875,2,1,0.0,40445.0,0
20,NonResidential,23500.0,0,BALLARD,1.0,1,Retail Store,1.0,0.0,1137967.5,2,1,0.0,23500.0,0
49,NonResidential,22420.0,0,Ballard,1.0,1,Retail Store,1.0,0.0,1404253.75,2,1,0.0,23067.0,0
55,NonResidential,25842.0,0,MAGNOLIA / QUEEN ANNE,1.0,1,Supermarket / Grocery Store,1.0,0.0,8518313.0,2,1,0.0,25987.0,0
24,NonResidential,8796.333333333334,0,MAGNOLIA / QUEEN ANNE,1.0,3,Small- and Mid-Sized Office,1.0,9623.0,1208035.375,1,2,0.0,26389.0,0
34,NonResidential,8619.666666666666,0,MAGNOLIA / QUEEN ANNE,1.0,3,Small- and Mid-Sized Office,1.0,4000.0,858780.625,2,2,0.0,29859.0,0
42,NonResidential,25600.0,0,MAGNOLIA / QUEEN ANNE,1.0,1,Warehouse,1.0,5000.0,1730600.625,2,2,0.0,25600.0,0
51,NonResidential,23169.0,0,MAGNOLIA / QUEEN ANNE,1.0,1,Other,1.0,0.0,222255.9063,1,1,0.0,10200.0,0
8,NonResidential,10446.0,0,MAGNOLIA / QUEEN ANNE,1.0,4,Small- and Mid-Sized Office,0.7989900440359946,8399.0,1294615.25,1,2,0.0,41784.0,0
56,NonResidential,56884.0,0,MAGNOLIA / QUEEN ANNE,1.0,1,Warehouse,1.0,0.0,1388345.125,2,1,0.0,56884.0,0
27,NonResidential,32810.0,0,BALLARD,1.0,1,Retail Store,1.0,0.0,2017967.75,2,1,0.0,32810.0,0
36,NonResidential,10329.666666666666,0,MAGNOLIA / QUEEN ANNE,1.0,3,Self-Storage Facility,1.0,0.0,97690.39844,1,1,0.0,30989.0,0
101,NonResidential,13317.333333333334,0,MAGNOLIA / QUEEN ANNE,1.0,3,Self-Storage Facility,1.0,0.0,57133.19922,1,1,0.0,39952.0,0
55,NonResidential,10011.0,0,MAGNOLIA / QUEEN ANNE,1.0,2,Small- and Mid-Sized Office,1.0,0.0,657385.8125,1,1,0.0,20784.0,0
56,NonResidential,18249.0,0,MAGNOLIA / QUEEN ANNE,1.0,2,Distribution Center,1.0,17200.0,520011.8125,2,2,0.0,35429.0,0
48,NonResidential,35946.0,0,MAGNOLIA / QUEEN ANNE,1.0,1,Distribution Center,1.0,4101.0,469499.8125,2,2,0.0,35946.0,0
9,NonResidential,7538.0,0,MAGNOLIA / QUEEN ANNE,1.0,4,Small- and Mid-Sized Office,0.8116211196603874,4968.0,845044.125,2,2,0.0,30152.0,0
37,NonResidential,5591.25,0,MAGNOLIA / QUEEN ANNE,1.0,4,Small- and Mid-Sized Office,1.0,0.0,727385.8125,1,1,0.0,21617.0,0
22,NonResidential,7543.0,0,MAGNOLIA / QUEEN ANNE,1.0,4,Small- and Mid-Sized Office,1.0,0.0,904059.875,1,1,0.0,30172.0,0
89,NonResidential,10625.0,0,BALLARD,1.0,4,Warehouse,1.0,5091.0,241478.5938,1,2,0.0,47591.0,0
115,NonResidential,5758.0,1,BALLARD,1.0,4,Small- and Mid-Sized Office,1.0,5300.0,1121537.75,1,3,1460.0,21208.0,0
116,NonResidential,15250.0,0,BALLARD,1.0,3,Other,0.8925901639344263,2900.0,7240274.0,2,2,0.0,45750.0,0
48,NonResidential,11750.0,0,BALLARD,1.0,2,Small- and Mid-Sized Office,1.0,0.0,1686405.0,2,1,0.0,23500.0,0
50,NonResidential,22282.0,0,BALLARD,1.0,1,Small- and Mid-Sized Office,1.0,0.0,579888.3125,2,1,0.0,22282.0,0
114,NonResidential,12000.0,0,BALLARD,1.0,2,Self-Storage Facility,1.0,0.0,502898.6875,2,1,0.0,24000.0,0
107,NonResidential,9028.333333333334,1,BALLARD,1.0,3,Mixed Use Property,1.0,8196.0,1995131.75,2,3,6700.0,24396.0,0
20,Nonresidential COS,14629.0,1,NORTH,0.0,2,Other,1.0,2648.0,8086943.5,2,3,0.0,34639.0,0
85,NonResidential,18750.0,0,NORTH,1.0,2,Small- and Mid-Sized Office,1.0,0.0,2235765.5,2,1,0.0,37500.0,0
86,NonResidential,7994.333333333333,0,NORTHWEST,1.0,3,K-12 School,1.0,0.0,1164364.75,2,1,0.0,23983.0,0
36,NonResidential,24100.0,0,DELRIDGE,1.0,1,Distribution Center,1.0,3500.0,809870.8125,2,2,0.0,23600.0,0
45,NonResidential,23772.0,0,SOUTHWEST,1.0,1,Worship Facility,1.0,0.0,100841.7031,1,1,0.0,23772.0,0
12,NonResidential,15671.5,0,NORTHEAST,3.0,2,K-12 School,1.0,0.0,3846501.25,2,1,0.0,51515.0,0
20,NonResidential,18637.333333333332,1,NORTHWEST,1.0,3,Mixed Use Property,0.5913220775504364,23501.0,2450442.75,1,3,9561.0,57114.0,0
59,NonResidential,10147.0,0,MAGNOLIA / QUEEN ANNE,1.0,2,Other,1.0,2294.0,1735995.75,2,2,0.0,20294.0,0
33,NonResidential,10142.75,0,MAGNOLIA / QUEEN ANNE,1.0,4,Small- and Mid-Sized Office,0.7325922456927362,0.0,1286817.375,1,1,0.0,24008.0,0
33,NonResidential,10426.75,0,MAGNOLIA / QUEEN ANNE,1.0,4,Small- and Mid-Sized Office,0.6245474380799386,12000.0,1755788.5,1,2,0.0,53707.0,0
56,NonResidential,28822.0,1,MAGNOLIA / QUEEN ANNE,1.0,2,Mixed Use Property,1.0,19440.0,2189735.0,2,3,15490.0,55106.0,0
61,NonResidential,19748.5,0,MAGNOLIA / QUEEN ANNE,1.0,2,Warehouse,1.0,13950.0,1700057.375,2,2,0.0,39497.0,0
84,Nonresidential COS,33087.0,0,EAST,1.0,1,Other,1.0,0.0,3548858.25,2,1,0.0,53776.0,0
34,NonResidential,13787.0,0,NORTHWEST,1.0,2,Small- and Mid-Sized Office,1.0,0.0,1211349.25,1,1,0.0,27574.0,0
51,NonResidential,24982.0,0,NORTH,1.0,1,Retail Store,1.0,0.0,335245.0,1,1,0.0,24982.0,0
18,NonResidential,8732.2,0,North,1.0,5,Senior Care Community,1.0,0.0,3936421.5,2,2,0.0,43661.0,0
29,NonResidential,25368.333333333332,0,NORTHWEST,1.0,3,Small- and Mid-Sized Office,0.6411930884961566,0.0,2472350.25,1,1,0.0,76105.0,0
64,NonResidential,16004.5,1,North,1.0,2,Mixed Use Property,1.0,15770.0,1998725.25,2,3,4000.0,37270.0,0
50,NonResidential,41615.0,0,NORTH,1.0,1,Retail Store,1.0,0.0,1900006.25,1,1,0.0,41615.0,0
28,NonResidential,9613.666666666666,0,NORTH,1.0,3,Medical Office,1.0,0.0,1459199.75,2,1,0.0,28841.0,0
39,NonResidential,16672.0,1,NORTH,2.0,2,Self-Storage Facility,1.0,984.0,123767.2031,1,3,0.0,32344.0,0
11,Nonresidential COS,30498.0,0,NORTH,2.0,1,Other,1.0,0.0,2436063.0,2,1,0.0,30498.0,0
92,NonResidential,21487.5,0,DELRIDGE,1.0,2,K-12 School,1.0,0.0,959352.0,2,1,0.0,21405.0,0
53,NonResidential,23260.0,0,DELRIDGE,1.0,1,Other,1.0,10185.0,1612105.75,2,2,0.0,23260.0,0
28,NonResidential,15329.5,1,DELRIDGE,1.0,2,Small- and Mid-Sized Office,1.0,8653.0,2619088.5,2,3,285.0,36200.0,0
96,NonResidential,13572.0,0,MAGNOLIA / QUEEN ANNE,1.0,2,Other,1.0,0.0,1012024.313,2,1,0.0,27144.0,0
46,NonResidential,23166.0,0,NORTHWEST,5.0,1,Other,1.0,0.0,3475804.25,2,1,0.0,23166.0,0
37,NonResidential,17379.5,0,NORTHWEST,1.0,2,Medical Office,1.0,0.0,1633105.375,1,2,0.0,44667.0,0
50,NonResidential,415632.0,0,NORTHWEST,8.0,1,Hospital,1.0,266833.0,98960776.0,2,2,0.0,750353.0,0
51,NonResidential,22359.5,1,NORTHWEST,1.0,2,Worship Facility,1.0,1025.0,1614026.25,2,3,972.0,47906.0,0
51,NonResidential,21603.0,0,GREATER DUWAMISH,1.0,1,Supermarket / Grocery Store,1.0,0.0,5833800.0,2,1,0.0,21603.0,0
52,NonResidential,197327.0,1,EAST,1.0,3,Medical Office,1.0,282392.0,102673696.0,2,3,54159.0,856738.0,0
37,NonResidential,42900.0,0,DELRIDGE,1.0,1,Distribution Center,1.0,0.0,436252.5,1,1,0.0,43050.0,0
11,Campus,57952.0,0,DELRIDGE,5.0,1,Other,1.0,0.0,3091387.5,2,1,0.0,57952.0,0
45,NonResidential,26232.0,0,DELRIDGE,1.0,1,Other,1.0,7970.0,3094090.0,2,2,0.0,26232.0,0
60,NonResidential,12920.0,0,DOWNTOWN,1.0,2,Warehouse,1.0,0.0,313528.0938,1,1,0.0,25840.0,0
28,NonResidential,45145.0,0,DOWNTOWN,1.0,1,Small- and Mid-Sized Office,1.0,0.0,1268459.0,2,1,0.0,43813.0,0
15,NonResidential,14066.4,0,DOWNTOWN,1.0,5,Small- and Mid-Sized Office,0.6858471250639823,25915.0,1981115.25,2,2,0.0,70332.0,0
45,SPS-District K-12,50546.0,0,GREATER DUWAMISH,1.0,1,K-12 School,1.0,0.0,1155080.5,2,1,0.0,53234.0,0
22,NonResidential,45522.0,0,BALLARD,1.0,1,Supermarket / Grocery Store,1.0,0.0,12250422.0,2,2,0.0,45522.0,0
37,NonResidential,10044.0,1,NORTHWEST,1.0,2,Retail Store,1.0,3500.0,326778.6875,1,3,508.0,20088.0,0
27,Campus,69453.5,0,GREATER DUWAMISH,5.0,2,Other,1.0,0.0,7837692.5,2,1,0.0,139557.0,0
19,NonResidential,20328.5,0,GREATER DUWAMISH,1.0,2,Small- and Mid-Sized Office,1.0,0.0,2826828.0,2,2,0.0,40657.0,0
116,NonResidential,20200.0,0,GREATER DUWAMISH,1.0,1,Warehouse,1.0,1500.0,269016.6875,2,2,0.0,20200.0,0
112,NonResidential,44086.0,0,EAST,1.0,1,Residence Hall,1.0,0.0,3652708.75,3,1,0.0,44091.0,1
46,NonResidential,7767.428571428572,0,EAST,1.0,7,Small- and Mid-Sized Office,0.6170087545059957,15000.0,1403820.0,1,2,0.0,69372.0,0
65,NonResidential,47699.0,0,EAST,1.0,1,Other,1.0,0.0,14524386.0,3,2,0.0,47000.0,1
71,NonResidential,0.0,0,EAST,1.0,0,Medical Office,1.0,135954.0,25311526.0,2,2,0.0,364087.0,1
60,NonResidential,7094.0,0,EAST,1.0,3,Small- and Mid-Sized Office,1.0,0.0,1245923.75,2,1,0.0,19658.0,1
95,NonResidential,20511.0,0,SOUTHEAST,1.0,2,Other,1.0,0.0,3787648.25,1,1,0.0,41022.0,0
50,NonResidential,14054.5,0,DELRIDGE,1.0,2,Other,1.0,0.0,3612526.75,2,1,0.0,28109.0,0
31,NonResidential,11193.333333333334,0,NORTH,1.0,3,Small- and Mid-Sized Office,0.6131625967837999,12990.0,409578.4063,1,2,0.0,33580.0,0
39,NonResidential,21936.0,0,NORTH,1.0,1,Warehouse,1.0,0.0,113130.0,2,1,0.0,21936.0,0
47,NonResidential,30160.0,0,NORTH,1.0,1,Other,1.0,0.0,1045838.5,2,1,0.0,30139.0,0
107,NonResidential,10103.363636363636,1,DOWNTOWN,1.0,11,Mixed Use Property,1.0,40878.0,9546165.0,2,3,10887.0,94704.0,0
19,NonResidential,40189.0,1,Delridge,1.0,1,Other,1.0,9113.0,1509292.0,2,3,0.0,37460.0,0
28,NonResidential,33242.0,1,DELRIDGE,1.0,2,Small- and Mid-Sized Office,1.0,18000.0,3046543.0,1,3,9000.0,76334.0,0
57,NonResidential,8383.666666666666,0,EAST,1.0,3,Small- and Mid-Sized Office,1.0,0.0,1356874.75,2,1,0.0,24155.0,1
88,NonResidential,5961.666666666667,0,EAST,1.0,6,Hotel,1.0,0.0,2640980.25,2,1,0.0,35770.0,0
88,NonResidential,5334.0,0,EAST,1.0,9,Hotel,1.0,0.0,3239754.0,2,1,0.0,48006.0,0
56,NonResidential,14815.5,1,DOWNTOWN,1.0,2,Mixed Use Property,1.0,13000.0,5144392.0,2,3,5000.0,34000.0,0
27,NonResidential,11736.0,1,DOWNTOWN,1.0,2,Small- and Mid-Sized Office,1.0,1065.0,1625308.625,2,3,945.0,22705.0,0
43,Nonresidential COS,10657.5,0,GREATER DUWAMISH,1.0,2,Small- and Mid-Sized Office,1.0,0.0,2796425.0,2,1,0.0,20424.0,0
32,NonResidential,14277.5,0,MAGNOLIA / QUEEN ANNE,1.0,4,Small- and Mid-Sized Office,0.7231308002101208,28390.0,2190460.0,2,2,0.0,65257.0,0
37,NonResidential,11343.333333333334,0,DOWNTOWN,1.0,3,Small- and Mid-Sized Office,1.0,0.0,1748629.875,2,1,0.0,34030.0,0
114,NonResidential,10199.0,0,SOUTHWEST,1.0,2,Restaurant,1.0,1166.0,9313513.0,2,2,0.0,20398.0,0
64,NonResidential,41308.0,0,GREATER DUWAMISH,1.0,1,Distribution Center,1.0,0.0,1642471.5,2,1,0.0,41308.0,0
103,NonResidential,14626.0,1,DOWNTOWN,1.0,3,Mixed Use Property,1.0,8262.0,769771.3125,1,3,6312.0,26574.0,0
104,NonResidential,11658.666666666666,0,MAGNOLIA / QUEEN ANNE,1.0,3,Other,1.0,0.0,873711.125,2,1,0.0,34976.0,0
59,NonResidential,38255.0,0,MAGNOLIA / QUEEN ANNE,1.0,1,Warehouse,1.0,0.0,985401.8125,2,1,0.0,38255.0,0
61,Campus,260241.0,0,MAGNOLIA / QUEEN ANNE,23.0,1,Other,1.0,0.0,34012980.0,2,1,0.0,260241.0,0
27,NonResidential,16308.0,0,LAKE UNION,1.0,3,Small- and Mid-Sized Office,1.0,13143.0,2282551.25,2,2,0.0,44468.0,0
57,NonResidential,12583.25,0,LAKE UNION,1.0,4,Small- and Mid-Sized Office,0.6416665011026563,0.0,1602084.375,1,1,0.0,50333.0,0
30,NonResidential,14358.0,0,LAKE UNION,1.0,4,Small- and Mid-Sized Office,0.6185750104471375,19650.0,2520483.25,1,2,0.0,53810.0,0
47,NonResidential,8637.333333333334,0,LAKE UNION,1.0,3,Small- and Mid-Sized Office,0.6929607903673973,9162.0,666740.3125,1,2,0.0,26494.0,0
16,NonResidential,19044.0,0,LAKE UNION,1.0,3,Small- and Mid-Sized Office,0.6165371420569908,21908.0,1994967.75,1,2,0.0,55613.0,0
59,NonResidential,12112.0,0,DELRIDGE,1.0,2,Worship Facility,1.0,0.0,968026.3125,2,2,0.0,24224.0,0
53,NonResidential,23706.0,0,DELRIDGE,1.0,1,Worship Facility,1.0,0.0,400770.9063,2,1,0.0,23706.0,0
53,NonResidential,31900.0,0,GREATER DUWAMISH,1.0,1,Warehouse,1.0,4000.0,1964681.25,1,2,0.0,32000.0,0
99,NonResidential,49066.0,0,SOUTHWEST,1.0,1,Other,1.0,0.0,3835202.0,2,1,0.0,49000.0,0
64,NonResidential,10246.666666666666,0,SOUTHWEST,1.0,3,Worship Facility,1.0,11630.0,1686262.25,2,2,0.0,39923.0,0
57,NonResidential,67450.0,0,SOUTHEAST,1.0,1,Supermarket / Grocery Store,1.0,0.0,2842819.5,2,1,0.0,42760.0,0
58,SPS-District K-12,39971.0,0,BALLARD,1.0,1,K-12 School,1.0,0.0,0.0,1,1,0.0,40867.0,0
68,NonResidential,46970.0,0,MAGNOLIA / QUEEN ANNE,1.0,1,Warehouse,1.0,0.0,882896.5,1,1,0.0,46970.0,0
85,NonResidential,47554.0,1,MAGNOLIA / QUEEN ANNE,1.0,1,Warehouse,1.0,8679.0,1035554.688,2,3,2388.0,29200.0,0
37,NonResidential,21508.0,0,MAGNOLIA / QUEEN ANNE,1.0,2,Small- and Mid-Sized Office,0.8744653152315418,0.0,1234095.5,2,1,0.0,43016.0,0
85,NonResidential,24196.0,1,MAGNOLIA / QUEEN ANNE,1.0,1,Mixed Use Property,1.0,6792.0,1055033.0,2,3,5306.0,20809.0,0
76,NonResidential,10335.5,0,MAGNOLIA / QUEEN ANNE,1.0,2,Small- and Mid-Sized Office,1.0,0.0,638507.125,2,1,0.0,20671.0,0
89,NonResidential,21600.0,0,GREATER DUWAMISH,1.0,1,Warehouse,1.0,0.0,499828.5938,2,1,0.0,21600.0,0
39,NonResidential,35844.0,0,SOUTHWEST,1.0,1,Worship Facility,1.0,0.0,866126.375,1,1,0.0,35844.0,0
100,NonResidential,10591.333333333334,1,LAKE UNION,1.0,3,Small- and Mid-Sized Office,1.0,13941.0,1639136.25,2,3,0.0,33837.0,0
63,NonResidential,26094.0,0,GREATER DUWAMISH,1.0,1,Warehouse,1.0,0.0,709990.8125,1,1,0.0,26094.0,0
33,NonResidential,11843.5,0,GREATER DUWAMISH,1.0,2,Small- and Mid-Sized Office,1.0,0.0,1084553.75,1,1,0.0,23687.0,0
33,NonResidential,12110.5,0,GREATER DUWAMISH,1.0,2,Small- and Mid-Sized Office,1.0,0.0,1435562.75,1,1,0.0,24221.0,0
116,NonResidential,35959.5,1,DOWNTOWN,1.0,2,Mixed Use Property,0.804182483071233,23085.0,5381105.0,1,3,11465.0,69100.0,0
116,NonResidential,16013.5,0,DOWNTOWN,1.0,2,Small- and Mid-Sized Office,1.0,14501.0,3999505.25,2,2,0.0,32027.0,0
110,NonResidential,10720.0,0,DOWNTOWN,1.0,3,Small- and Mid-Sized Office,1.0,14219.0,2805826.0,1,2,0.0,49912.0,0
24,NonResidential,15945.333333333334,0,GREATER DUWAMISH,1.0,3,Other,0.8417091730077766,4500.0,3540225.75,2,2,0.0,47836.0,0
102,NonResidential,11475.0,0,GREATER DUWAMISH,1.0,3,Small- and Mid-Sized Office,1.0,15536.0,2018385.75,2,2,0.0,49961.0,0
45,SPS-District K-12,26304.5,0,GREATER DUWAMISH,1.0,2,K-12 School,1.0,0.0,1801941.75,2,1,0.0,52609.0,0
32,NonResidential,13434.666666666666,0,SOUTHWEST,1.0,3,Medical Office,0.7022628026994839,16412.0,1961581.5,1,2,0.0,36518.0,0
26,NonResidential,29619.0,0,GREATER DUWAMISH,1.0,1,Distribution Center,1.0,14619.0,1280263.75,2,2,0.0,29619.0,0
94,NonResidential,10796.0,0,CENTRAL,1.0,2,K-12 School,1.0,0.0,1431784.0,2,1,0.0,20700.0,0
85,NonResidential,11961.5,0,NORTH,1.0,2,K-12 School,1.0,0.0,805643.5,2,1,0.0,23923.0,0
109,NonResidential,8400.0,0,CENTRAL,1.0,3,Small- and Mid-Sized Office,1.0,8000.0,1748444.25,2,2,0.0,24000.0,0
69,NonResidential,45068.0,0,CENTRAL,1.0,1,Small- and Mid-Sized Office,1.0,0.0,284857.3125,2,1,0.0,45068.0,0
53,NonResidential,14148.0,0,CENTRAL,1.0,2,Small- and Mid-Sized Office,1.0,0.0,1328461.25,1,1,0.0,26899.0,0
17,NonResidential,10452.333333333334,1,CENTRAL,1.0,3,Small- and Mid-Sized Office,1.0,5000.0,1965075.625,2,3,0.0,30500.0,0
48,NonResidential,160000.0,0,GREATER DUWAMISH,1.0,1,Distribution Center,1.0,0.0,1157976.5,1,1,0.0,160000.0,0
56,NonResidential,53550.0,0,GREATER DUWAMISH,1.0,1,Warehouse,1.0,0.0,4590246.5,2,1,0.0,53550.0,0
92,NonResidential,38412.0,0,GREATER DUWAMISH,1.0,1,Warehouse,1.0,8000.0,1628540.0,2,2,0.0,40000.0,0
86,NonResidential,25881.0,0,GREATER DUWAMISH,1.0,1,Self-Storage Facility,1.0,0.0,545426.375,1,1,0.0,25881.0,0
63,NonResidential,24291.0,0,GREATER DUWAMISH,1.0,1,Small- and Mid-Sized Office,1.0,0.0,655422.375,2,1,0.0,24023.0,0
50,NonResidential,36544.0,0,GREATER DUWAMISH,1.0,1,Warehouse,1.0,0.0,1269847.75,1,1,0.0,36544.0,0
67,NonResidential,20796.0,0,GREATER DUWAMISH,1.0,1,Warehouse,1.0,0.0,1324092.125,2,1,0.0,20796.0,0
69,NonResidential,21349.0,0,GREATER DUWAMISH,1.0,1,Distribution Center,1.0,8349.0,659761.875,2,2,0.0,21349.0,0
80,NonResidential,38630.0,0,GREATER DUWAMISH,1.0,1,Warehouse,1.0,0.0,416885.5938,1,1,0.0,38500.0,0
66,NonResidential,20724.0,0,GREATER DUWAMISH,1.0,1,Warehouse,1.0,1500.0,1832031.5,2,2,0.0,20724.0,0
56,NonResidential,24109.0,0,GREATER DUWAMISH,1.0,1,Other,1.0,0.0,4747403.5,1,2,0.0,24109.0,0
61,NonResidential,25375.0,0,GREATER DUWAMISH,1.0,1,Refrigerated Warehouse,1.0,2266.0,4069301.5,1,2,0.0,25685.0,0
31,Nonresidential COS,22803.0,0,GREATER DUWAMISH,1.0,1,Warehouse,1.0,3430.0,764094.5,2,2,0.0,22803.0,0
31,Nonresidential COS,23100.0,0,GREATER DUWAMISH,1.0,1,Mixed Use Property,1.0,11550.0,4323672.0,2,2,0.0,23100.0,0
65,NonResidential,41550.0,0,GREATER DUWAMISH,1.0,1,Refrigerated Warehouse,1.0,0.0,642645.1875,1,1,0.0,41550.0,0
22,NonResidential,27085.0,0,GREATER DUWAMISH,1.0,2,Other,1.0,0.0,5804784.5,2,1,0.0,54170.0,0
16,SPS-District K-12,32246.5,0,GREATER DUWAMISH,1.0,2,K-12 School,1.0,0.0,1989763.875,2,1,0.0,64493.0,0
104,NonResidential,21126.0,0,SOUTHEAST,1.0,2,K-12 School,1.0,0.0,2203758.5,2,1,0.0,42252.0,0
61,NonResidential,23100.0,0,GREATER DUWAMISH,1.0,1,Self-Storage Facility,1.0,0.0,863703.0,2,1,0.0,23250.0,0
35,NonResidential,7631.666666666667,0,SOUTHEAST,1.0,3,Worship Facility,1.0,0.0,440419.1875,2,2,0.0,22895.0,0
14,NonResidential,27105.5,1,GREATER DUWAMISH,1.0,2,Retail Store,0.6777222334950471,5000.0,1267463.125,1,3,4000.0,39000.0,0
55,SPS-District K-12,41428.0,0,SOUTHEAST,1.0,1,K-12 School,1.0,0.0,1404702.25,2,1,0.0,41428.0,0
10,NonResidential,8029.833333333333,0,NORTHEAST,1.0,6,Self-Storage Facility,0.851968700056041,0.0,797170.3125,2,1,0.0,48179.0,0
79,NonResidential,52325.0,0,GREATER DUWAMISH,1.0,1,Warehouse,1.0,0.0,808968.1875,2,1,0.0,52325.0,0
96,NonResidential,5150.0,0,GREATER DUWAMISH,1.0,4,Other,1.0,0.0,270838.5,2,1,0.0,20600.0,0
25,Campus,0.0,0,GREATER DUWAMISH,10.0,0,Other,1.0,0.0,21022288.0,2,2,0.0,230970.0,0
72,NonResidential,25880.0,0,GREATER DUWAMISH,1.0,1,Retail Store,1.0,0.0,162960.0,1,1,0.0,25880.0,0
56,NonResidential,45842.0,0,GREATER DUWAMISH,1.0,1,Warehouse,1.0,22198.0,819354.625,2,2,0.0,72000.0,0
44,NonResidential,31365.0,0,GREATER DUWAMISH,1.0,1,Other,1.0,0.0,652991.6875,2,1,0.0,31365.0,0
106,NonResidential,32100.0,0,GREATER DUWAMISH,1.0,1,Other,1.0,0.0,758008.875,2,1,0.0,32100.0,0
50,NonResidential,20520.0,0,GREATER DUWAMISH,1.0,1,Warehouse,1.0,5120.0,1167887.75,2,2,0.0,20520.0,0
71,NonResidential,22972.0,0,GREATER DUWAMISH,1.0,1,Warehouse,1.0,0.0,495481.0,1,1,0.0,22972.0,0
63,NonResidential,24990.0,0,GREATER DUWAMISH,1.0,1,Warehouse,1.0,6728.0,523614.0938,2,2,0.0,32377.0,0
65,NonResidential,12000.0,0,GREATER DUWAMISH,1.0,2,Retail Store,1.0,4860.0,1318947.25,2,2,0.0,27600.0,0
53,NonResidential,100386.0,0,GREATER DUWAMISH,1.0,1,Warehouse,1.0,49758.0,3626431.5,2,2,0.0,100386.0,0
50,NonResidential,24354.0,0,GREATER DUWAMISH,1.0,1,Distribution Center,1.0,5884.0,735907.8125,2,2,0.0,24354.0,0
57,NonResidential,33600.0,0,GREATER DUWAMISH,1.0,1,Distribution Center,1.0,9600.0,847419.375,2,2,0.0,33600.0,0
42,NonResidential,20819.0,0,GREATER DUWAMISH,1.0,1,Other,1.0,0.0,1694930.375,2,1,0.0,20819.0,0
49,NonResidential,23296.0,0,GREATER DUWAMISH,1.0,1,Warehouse,1.0,3825.0,1429855.75,2,2,0.0,23296.0,0
62,NonResidential,35222.0,1,GREATER DUWAMISH,1.0,1,Mixed Use Property,1.0,15000.0,1758134.625,2,3,4232.0,34232.0,0
59,NonResidential,25520.0,0,GREATER DUWAMISH,1.0,1,Refrigerated Warehouse,1.0,0.0,1610794.75,2,1,0.0,25200.0,0
64,NonResidential,25460.0,0,GREATER DUWAMISH,1.0,1,Other,1.0,0.0,834711.875,1,1,0.0,8223.0,0
46,SPS-District K-12,41526.0,0,DELRIDGE,1.0,1,K-12 School,1.0,0.0,1814947.0,2,1,0.0,41526.0,0
42,NonResidential,12145.5,0,NORTH,1.0,2,Small- and Mid-Sized Office,1.0,0.0,920430.625,1,1,0.0,24291.0,0
58,NonResidential,10369.0,0,NORTH,1.0,2,Retail Store,1.0,0.0,526752.8125,1,1,0.0,20738.0,0
16,NonResidential,7737.0,0,NORTH,1.0,4,Mixed Use Property,1.0,11729.0,919746.3125,1,2,0.0,23458.0,0
30,NonResidential,14192.5,0,NORTH,1.0,2,Medical Office,0.7514180024660913,0.0,2654316.0,1,1,0.0,20575.0,0
38,NonResidential,21755.0,0,GREATER DUWAMISH,1.0,1,Warehouse,1.0,2400.0,844076.8125,2,2,0.0,20050.0,0
56,NonResidential,27933.0,0,GREATER DUWAMISH,1.0,1,Other,1.0,0.0,6129780.0,1,1,0.0,27933.0,0
33,NonResidential,23143.0,0,GREATER DUWAMISH,1.0,1,Small- and Mid-Sized Office,1.0,7534.0,1139980.625,2,2,0.0,23143.0,0
54,NonResidential,28800.0,0,GREATER DUWAMISH,1.0,1,Small- and Mid-Sized Office,1.0,7350.0,2107743.75,2,2,0.0,36150.0,0
64,NonResidential,39600.0,0,GREATER DUWAMISH,1.0,1,Warehouse,1.0,0.0,405050.4063,1,1,0.0,39600.0,0
64,NonResidential,39600.0,0,GREATER DUWAMISH,1.0,1,Warehouse,1.0,0.0,468396.9063,2,1,0.0,39600.0,0
79,NonResidential,41248.0,0,GREATER DUWAMISH,1.0,1,Distribution Center,1.0,0.0,1108310.875,2,1,0.0,41430.0,0
7,NonResidential,36400.0,0,GREATER DUWAMISH,1.0,1,Other,1.0,15000.0,1567746.75,2,2,0.0,36400.0,0
96,NonResidential,31332.0,0,SOUTHWEST,1.0,1,Other,1.0,0.0,3573328.25,1,1,0.0,31332.0,0
68,NonResidential,17932.0,0,SOUTHWEST,1.0,2,Worship Facility,1.0,0.0,1228113.5,2,1,0.0,35864.0,0
62,NonResidential,20484.0,0,GREATER DUWAMISH,1.0,1,Worship Facility,1.0,0.0,822636.625,2,1,0.0,20484.0,0
32,NonResidential,11316.0,0,NORTHEAST,1.0,4,Medical Office,0.6106839872746553,0.0,1849331.25,1,1,0.0,21743.0,0
29,NonResidential,9233.0,0,NORTHEAST,2.0,4,Medical Office,0.6053287122278782,0.0,2824096.75,1,1,0.0,27642.0,0
43,NonResidential,11270.5,0,CENTRAL,1.0,4,Other,1.0,0.0,4262316.5,2,1,0.0,45082.0,0
65,NonResidential,20800.0,0,NORTHWEST,0.0,2,Worship Facility,1.0,0.0,1195165.25,2,1,0.0,41600.0,0
56,NonResidential,17055.0,0,LAKE UNION,1.0,2,Small- and Mid-Sized Office,1.0,0.0,2563985.5,1,1,0.0,34110.0,0
46,NonResidential,23750.0,0,GREATER DUWAMISH,1.0,1,Warehouse,1.0,1470.0,522972.1875,1,2,0.0,20900.0,0
46,NonResidential,43390.0,0,GREATER DUWAMISH,1.0,1,Warehouse,1.0,6960.0,533742.8125,1,2,0.0,43390.0,0
57,NonResidential,35400.0,0,GREATER DUWAMISH,1.0,1,Warehouse,1.0,0.0,419978.6875,2,1,0.0,35400.0,0
50,NonResidential,28144.0,0,GREATER DUWAMISH,1.0,1,Distribution Center,1.0,6087.0,858701.0,2,2,0.0,28288.0,0
100,NonResidential,23761.0,0,GREATER DUWAMISH,1.0,3,Warehouse,1.0,13373.0,2491238.25,2,2,0.0,71283.0,0
27,NonResidential,23792.0,0,GREATER DUWAMISH,1.0,1,Warehouse,1.0,800.0,2852102.75,1,2,0.0,23792.0,0
37,NonResidential,23684.0,0,GREATER DUWAMISH,1.0,2,Small- and Mid-Sized Office,1.0,0.0,1042652.625,1,2,0.0,47368.0,0
85,NonResidential,46183.0,1,GREATER DUWAMISH,1.0,1,Mixed Use Property,1.0,14000.0,1890502.5,2,3,13312.0,46183.0,0
32,NonResidential,14522.6,0,CENTRAL,1.0,5,Small- and Mid-Sized Office,0.6861718975940947,22788.0,2602213.75,2,2,0.0,72613.0,0
48,NonResidential,36071.0,0,SOUTHEAST,1.0,1,Retail Store,1.0,0.0,1519952.125,2,1,0.0,36071.0,0
27,SPS-District K-12,17224.0,0,SOUTHEAST,1.0,3,K-12 School,1.0,0.0,1436510.375,2,1,0.0,51672.0,0
26,Nonresidential COS,19176.0,0,SOUTHEAST,1.0,2,Medical Office,0.7110450563204005,7505.0,2108861.75,1,2,0.0,27492.0,0
21,Nonresidential COS,28425.0,1,SOUTHEAST,1.0,1,Mixed Use Property,1.0,12824.0,2133797.75,2,3,1479.0,28384.0,0
7,NonResidential,11705.0,0,NORTH,1.0,3,Other,1.0,0.0,1922953.25,2,1,0.0,35115.0,0
44,NonResidential,66704.0,1,NORTHWEST,1.0,1,Mixed Use Property,1.0,18500.0,600516.875,2,3,18500.0,60904.0,0
47,Nonresidential COS,25658.0,0,NORTHWEST,1.0,1,Warehouse,1.0,6804.0,1063960.125,2,2,0.0,25658.0,0
109,NonResidential,18000.0,0,EAST,1.0,2,Small- and Mid-Sized Office,1.0,8400.0,1046187.625,2,2,0.0,36000.0,0
103,NonResidential,36000.0,0,EAST,1.0,1,Mixed Use Property,1.0,18000.0,1162163.125,2,2,0.0,36000.0,0
101,NonResidential,21600.0,0,EAST,1.0,2,Warehouse,1.0,0.0,1929851.5,2,1,0.0,43200.0,0
103,NonResidential,13460.0,0,GREATER DUWAMISH,1.0,4,Small- and Mid-Sized Office,0.7609583952451708,10400.0,2912454.75,2,2,0.0,53200.0,0
41,NonResidential,43794.0,0,GREATER DUWAMISH,1.0,1,Retail Store,1.0,9756.0,1164537.75,2,2,0.0,43794.0,0
48,NonResidential,48280.0,0,GREATER DUWAMISH,1.0,1,Warehouse,1.0,7500.0,2701833.75,2,2,0.0,48280.0,0
62,NonResidential,36040.0,0,GREATER DUWAMISH,1.0,1,Distribution Center,1.0,4564.0,363808.1875,2,2,0.0,36040.0,0
51,NonResidential,32822.0,0,NORTHEAST,1.0,1,Supermarket / Grocery Store,1.0,0.0,8839812.0,2,2,0.0,35042.0,0
68,SPS-District K-12,64314.0,0,NORTHEAST,1.0,1,K-12 School,1.0,0.0,2936336.25,2,1,0.0,65210.0,0
66,NonResidential,10192.5,0,NORTHEAST,1.0,2,Worship Facility,1.0,0.0,809291.8125,2,1,0.0,20385.0,0
70,NonResidential,24295.0,0,NORTHEAST,1.0,1,Worship Facility,1.0,0.0,216115.0,1,1,0.0,24295.0,0
49,NonResidential,10158.5,0,NORTHEAST,1.0,2,Small- and Mid-Sized Office,1.0,0.0,620994.3125,1,1,0.0,20317.0,0
43,NonResidential,24377.0,0,NORTHEAST,1.0,1,Supermarket / Grocery Store,1.0,0.0,9851260.0,2,1,0.0,24377.0,0
30,NonResidential,33392.0,0,NORTHWEST,1.0,1,Other,1.0,0.0,2786648.75,1,1,0.0,33392.0,0
30,NonResidential,45155.0,0,NORTHWEST,0.0,1,Supermarket / Grocery Store,1.0,0.0,6674179.5,2,1,0.0,45155.0,0
50,NonResidential,32000.0,0,GREATER DUWAMISH,1.0,1,Warehouse,1.0,0.0,2186148.5,2,1,0.0,32040.0,0
46,NonResidential,44000.0,0,GREATER DUWAMISH,1.0,1,Warehouse,1.0,0.0,4302455.5,2,1,0.0,45449.0,0
43,NonResidential,36000.0,0,GREATER DUWAMISH,1.0,1,Warehouse,1.0,0.0,2771820.5,2,1,0.0,36000.0,0
37,NonResidential,31360.0,0,GREATER DUWAMISH,1.0,1,Warehouse,1.0,1460.0,1356972.25,2,2,0.0,31100.0,0
37,NonResidential,33320.0,0,GREATER DUWAMISH,1.0,1,Warehouse,1.0,1200.0,2339234.0,2,2,0.0,33400.0,0
37,NonResidential,48020.0,0,GREATER DUWAMISH,1.0,1,Warehouse,1.0,0.0,2373568.25,2,1,0.0,47800.0,0
37,NonResidential,27420.0,0,GREATER DUWAMISH,1.0,1,Warehouse,1.0,0.0,1176342.25,2,1,0.0,27850.0,0
87,NonResidential,12076.0,0,CENTRAL,1.0,2,K-12 School,1.0,0.0,161363.4063,1,1,0.0,24152.0,0
67,NonResidential,21822.5,0,NORTHEAST,1.0,2,K-12 School,1.0,0.0,2053956.375,2,1,0.0,37000.0,0
64,NonResidential,26853.0,0,NORTHEAST,1.0,1,Retail Store,1.0,0.0,1399062.75,2,1,0.0,20360.0,0
107,NonResidential,11193.75,0,GREATER DUWAMISH,1.0,4,Other,1.0,0.0,950695.625,2,1,0.0,44775.0,0
100,NonResidential,27760.0,1,GREATER DUWAMISH,2.0,1,Other,1.0,12000.0,2833624.5,2,3,6000.0,37715.0,0
79,NonResidential,20975.0,1,GREATER DUWAMISH,1.0,1,Other,1.0,6600.0,347437.6875,2,3,1070.0,20814.0,0
98,NonResidential,26075.0,0,GREATER DUWAMISH,1.0,1,Other,1.0,0.0,1608508.75,2,1,0.0,26075.0,0
24,NonResidential,29394.0,0,GREATER DUWAMISH,1.0,1,Warehouse,1.0,16902.0,1486681.75,2,2,0.0,46296.0,0
90,NonResidential,10200.0,0,GREATER DUWAMISH,1.0,2,Warehouse,1.0,5400.0,438557.0,2,2,0.0,20400.0,0
90,NonResidential,20460.0,0,GREATER DUWAMISH,1.0,1,Small- and Mid-Sized Office,1.0,0.0,903541.875,1,1,0.0,20460.0,0
91,NonResidential,12910.5,0,GREATER DUWAMISH,1.0,2,Self-Storage Facility,1.0,0.0,209698.7031,1,1,0.0,25821.0,0
61,NonResidential,10935.0,0,GREATER DUWAMISH,1.0,2,Refrigerated Warehouse,1.0,0.0,1074350.375,1,1,0.0,21870.0,0
28,NonResidential,51664.0,0,GREATER DUWAMISH,3.0,1,Warehouse,1.0,0.0,3528086.75,2,1,0.0,51664.0,0
46,NonResidential,43615.0,0,DELRIDGE,1.0,1,Medical Office,1.0,0.0,3133849.5,2,1,0.0,43615.0,0
46,NonResidential,12293.0,0,DELRIDGE,1.0,3,Small- and Mid-Sized Office,1.0,0.0,1144267.5,1,1,0.0,16855.0,0
14,Nonresidential COS,14265.5,0,DELRIDGE,1.0,2,Other,1.0,1100.0,3494929.5,2,2,0.0,29403.0,0
34,NonResidential,18300.0,0,DELRIDGE,1.0,2,Warehouse,1.0,0.0,308400.4063,1,1,0.0,43556.0,0
12,NonResidential,7035.2,0,SOUTHWEST,1.0,5,Mixed Use Property,1.0,14452.0,1011965.375,1,2,0.0,28904.0,0
57,SPS-District K-12,36701.0,0,NORTH,1.0,1,K-12 School,1.0,0.0,1564891.75,2,1,0.0,40285.0,0
76,NonResidential,20646.5,0,LAKE UNION,1.0,2,University,0.6308575303320175,15000.0,2839882.25,2,2,0.0,41393.0,0
75,NonResidential,48890.0,0,GREATER DUWAMISH,1.0,1,Warehouse,1.0,18000.0,2100216.5,2,2,0.0,48889.0,0
16,NonResidential,14491.0,0,GREATER DUWAMISH,1.0,3,Small- and Mid-Sized Office,1.0,0.0,4416909.5,1,1,0.0,43473.0,0
26,NonResidential,40265.0,0,DELRIDGE,1.0,1,Retail Store,1.0,0.0,3740373.75,2,1,0.0,40793.0,0
11,NonResidential,26208.0,0,DELRIDGE,1.0,1,Retail Store,1.0,0.0,1608884.25,2,1,0.0,32427.0,0
41,Nonresidential COS,13613.5,1,DELRIDGE,0.0,2,Other,1.0,8508.0,8054334.0,2,3,715.0,38287.0,0
90,NonResidential,42172.0,1,BALLARD,1.0,1,Mixed Use Property,1.0,11400.0,3275779.25,2,3,9100.0,32500.0,0
106,NonResidential,6450.0,0,DOWNTOWN,1.0,5,Small- and Mid-Sized Office,1.0,0.0,796042.375,2,1,0.0,32250.0,0
63,NonResidential,51000.0,0,NORTHWEST,1.0,1,Retail Store,1.0,0.0,1298039.875,2,1,0.0,51000.0,0
100,NonResidential,27000.0,1,GREATER DUWAMISH,1.0,1,Mixed Use Property,1.0,9000.0,229856.4063,1,3,9000.0,27000.0,0
81,NonResidential,10373.5,1,GREATER DUWAMISH,1.0,2,Other,1.0,5120.0,1001964.0,2,3,3812.0,20747.0,0
88,NonResidential,20400.0,0,GREATER DUWAMISH,1.0,2,Warehouse,1.0,4800.0,817255.875,2,2,0.0,40800.0,0
96,NonResidential,10075.0,0,GREATER DUWAMISH,1.0,2,Small- and Mid-Sized Office,1.0,0.0,576174.125,1,1,0.0,20150.0,0
107,NonResidential,5142.857142857143,0,DOWNTOWN,1.0,7,Small- and Mid-Sized Office,1.0,0.0,1682454.875,1,1,0.0,31500.0,0
78,NonResidential,20638.0,1,GREATER DUWAMISH,1.0,2,Warehouse,1.0,13284.0,2502081.0,2,3,3692.0,41276.0,0
79,NonResidential,12215.0,0,GREATER DUWAMISH,0.0,2,Refrigerated Warehouse,1.0,8690.0,1232822.875,2,2,0.0,24357.0,0
106,NonResidential,9230.0,0,GREATER DUWAMISH,1.0,3,Other,1.0,0.0,16808.90039,1,2,0.0,24717.0,0
89,NonResidential,22580.0,0,GREATER DUWAMISH,1.0,1,Small- and Mid-Sized Office,1.0,0.0,928584.875,2,1,0.0,22580.0,0
90,NonResidential,20000.0,0,CENTRAL,1.0,1,Warehouse,1.0,0.0,743528.125,2,1,0.0,20000.0,0
62,NonResidential,42000.0,0,CENTRAL,1.0,1,Warehouse,1.0,4000.0,2070005.625,2,2,0.0,42000.0,0
54,NonResidential,24248.0,0,CENTRAL,1.0,1,Self-Storage Facility,1.0,3230.0,111969.7031,2,2,0.0,24248.0,0
7,NonResidential,40750.0,0,NORTH,1.0,6,Senior Care Community,1.0,0.0,11019641.0,2,1,0.0,244500.0,0
84,NonResidential,24617.0,0,GREATER DUWAMISH,1.0,1,Warehouse,1.0,0.0,106918.0,1,1,0.0,22752.0,0
7,NonResidential,42355.0,0,GREATER DUWAMISH,1.0,3,Other,0.3333333333333333,42355.0,3245111.5,1,2,0.0,127065.0,0
52,NonResidential,37247.0,0,GREATER DUWAMISH,1.0,1,Retail Store,1.0,0.0,1748644.5,2,1,0.0,37247.0,0
23,NonResidential,25384.0,0,BALLARD,1.0,1,Retail Store,1.0,0.0,3027867.5,2,1,0.0,23468.0,0
106,NonResidential,16350.666666666666,0,GREATER DUWAMISH,0.0,3,Small- and Mid-Sized Office,1.0,10057.0,1441445.625,1,2,0.0,42450.0,0
116,NonResidential,26055.0,0,GREATER DUWAMISH,1.0,2,Warehouse,1.0,0.0,586589.1875,2,1,0.0,32000.0,0
106,NonResidential,10485.0,0,GREATER DUWAMISH,1.0,2,Small- and Mid-Sized Office,1.0,0.0,204499.0938,2,2,0.0,20970.0,0
79,NonResidential,19518.0,0,GREATER DUWAMISH,1.0,2,Small- and Mid-Sized Office,1.0,13611.0,1528295.75,2,2,0.0,41247.0,0
93,NonResidential,26310.0,1,GREATER DUWAMISH,1.0,1,Small- and Mid-Sized Office,1.0,8874.0,771512.6875,2,3,1000.0,33874.0,0
50,NonResidential,37883.0,0,SOUTHEAST,1.0,1,Retail Store,1.0,24813.0,12434593.0,2,2,0.0,53547.0,0
54,NonResidential,9958.0,0,DELRIDGE,1.0,3,K-12 School,1.0,0.0,1274049.75,2,1,0.0,31375.0,0
51,NonResidential,20140.0,0,MAGNOLIA / QUEEN ANNE,1.0,1,Worship Facility,1.0,0.0,992794.6875,2,2,0.0,22000.0,0
26,NonResidential,35937.0,0,NORTHWEST,1.0,2,Self-Storage Facility,0.5632774021203774,0.0,1242811.75,2,1,0.0,71874.0,0
45,NonResidential,19976.5,0,CENTRAL,1.0,2,Small- and Mid-Sized Office,1.0,0.0,1508561.875,2,1,0.0,30100.0,0
18,NonResidential,10600.0,0,CENTRAL,1.0,2,Retail Store,1.0,7032.0,1676426.5,1,2,0.0,21200.0,0
36,NonResidential,30630.0,0,CENTRAL,1.0,1,Supermarket / Grocery Store,1.0,2442.0,6058494.0,1,2,0.0,30912.0,0
36,NonResidential,11710.5,0,CENTRAL,1.0,2,Retail Store,1.0,4150.0,1896626.375,1,2,0.0,23421.0,0
85,SPS-District K-12,39038.666666666664,0,BALLARD,1.0,3,K-12 School,1.0,0.0,5722325.5,2,1,0.0,117116.0,0
88,NonResidential,12060.0,0,BALLARD,1.0,2,Worship Facility,1.0,0.0,893053.1875,2,1,0.0,24120.0,0
87,NonResidential,11912.0,0,BALLARD,1.0,3,Worship Facility,1.0,6766.0,1148202.25,2,2,0.0,35736.0,0
75,NonResidential,51050.0,0,GREATER DUWAMISH,1.0,1,Warehouse,1.0,0.0,1206165.75,2,1,0.0,49500.0,0
62,NonResidential,10950.0,0,GREATER DUWAMISH,1.0,2,Retail Store,1.0,0.0,1302192.875,2,1,0.0,21900.0,0
64,NonResidential,16300.0,0,GREATER DUWAMISH,1.0,1,Distribution Center,1.0,0.0,150167.7969,2,1,0.0,65164.0,0
52,NonResidential,33462.0,0,GREATER DUWAMISH,1.0,1,Warehouse,1.0,0.0,1386445.375,1,1,0.0,33462.0,0
64,NonResidential,35310.0,1,GREATER DUWAMISH,1.0,1,Mixed Use Property,1.0,9875.0,1331469.75,2,3,8877.0,29223.0,0
54,NonResidential,12046.666666666666,0,GREATER DUWAMISH,1.0,3,Other,1.0,0.0,4653535.0,1,1,0.0,34733.0,0
25,NonResidential,23981.5,0,DOWNTOWN,1.0,2,Other,0.5541563288368118,6000.0,8163413.0,2,2,0.0,35640.0,0
86,NonResidential,23903.0,0,DOWNTOWN,1.0,1,Warehouse,1.0,4500.0,415364.5938,2,2,0.0,22850.0,0
69,NonResidential,7507.333333333333,0,NORTHEAST,1.0,3,Self-Storage Facility,1.0,0.0,561473.875,2,1,0.0,22522.0,0
20,NonResidential,9739.75,0,NORTHEAST,1.0,4,Self-Storage Facility,1.0,0.0,905750.375,2,1,0.0,38959.0,0
88,NonResidential,12977.5,1,GREATER DUWAMISH,1.0,2,Warehouse,1.0,8745.0,1218112.0,1,3,3060.0,25955.0,0
93,Campus,11525.0,0,EAST,1.0,4,K-12 School,1.0,0.0,2177064.75,3,2,0.0,46100.0,1
65,NonResidential,10968.0,0,NORTHWEST,1.0,2,Worship Facility,1.0,0.0,608755.375,2,1,0.0,21936.0,0
56,NonResidential,25406.0,0,NORTH,1.0,1,Other,1.0,0.0,2442220.0,2,1,0.0,25406.0,0
49,NonResidential,11625.0,0,SOUTHEAST,1.0,2,Small- and Mid-Sized Office,1.0,0.0,904236.0,1,1,0.0,22014.0,0
56,NonResidential,30000.0,0,GREATER DUWAMISH,1.0,1,Warehouse,1.0,0.0,2794837.0,2,2,0.0,30000.0,0
54,Nonresidential COS,45036.0,1,GREATER DUWAMISH,1.0,1,Warehouse,1.0,14074.0,1791697.75,2,3,6755.0,41939.0,0
54,SPS-District K-12,51410.0,0,SOUTHWEST,1.0,1,K-12 School,1.0,0.0,1968907.25,2,1,0.0,51410.0,0
7,NonResidential,27552.615384615383,1,DOWNTOWN,1.0,39,Mixed Use Property,0.8956551195288828,303000.0,26416770.0,2,3,141450.0,755971.0,0
57,NonResidential,61339.5,0,MAGNOLIA / QUEEN ANNE,1.0,2,University,1.0,2000.0,16378152.0,2,2,0.0,103035.0,0
71,Campus,268500.0,0,MAGNOLIA / QUEEN ANNE,14.0,2,University,1.0,0.0,90609640.0,2,1,0.0,533826.0,0
36,NonResidential,5755.5,0,NORTH,1.0,4,Small- and Mid-Sized Office,1.0,0.0,1027230.875,2,1,0.0,23022.0,0
49,NonResidential,27263.0,1,GREATER DUWAMISH,1.0,1,Refrigerated Warehouse,1.0,2700.0,2470642.0,1,3,2500.0,27200.0,0
54,NonResidential,31569.0,0,GREATER DUWAMISH,1.0,1,Warehouse,1.0,0.0,3064039.5,2,1,0.0,33000.0,0
60,NonResidential,22509.0,0,GREATER DUWAMISH,1.0,1,Warehouse,1.0,0.0,177812.7969,1,1,0.0,22509.0,0
60,NonResidential,39984.0,0,GREATER DUWAMISH,1.0,1,Warehouse,1.0,8800.0,1073156.375,2,2,0.0,39984.0,0
91,SPS-District K-12,36884.5,0,EAST,1.0,2,K-12 School,1.0,0.0,2556131.0,2,1,0.0,73769.0,0
110,NonResidential,26440.0,0,EAST,1.0,1,Worship Facility,1.0,0.0,719905.1875,2,1,0.0,26440.0,0
55,SPS-District K-12,43578.0,0,NORTHEAST,1.0,1,K-12 School,1.0,0.0,1436773.875,2,1,0.0,45370.0,0
60,NonResidential,14400.0,0,GREATER DUWAMISH,1.0,2,Self-Storage Facility,1.0,0.0,1143826.625,2,1,0.0,28800.0,0
7,NonResidential,14250.0,0,CENTRAL,4.0,2,K-12 School,1.0,0.0,1162561.125,2,1,0.0,31100.0,0
38,NonResidential,13259.5,0,LAKE UNION,1.0,2,Restaurant,1.0,12927.0,3717064.0,2,2,0.0,26519.0,0
28,NonResidential,17319.5,1,LAKE UNION,1.0,2,Mixed Use Property,0.5553566788879587,19659.0,15480681.0,2,3,15402.0,58434.0,0
95,NonResidential,13150.0,0,MAGNOLIA / QUEEN ANNE,1.0,2,Other,1.0,0.0,3537841.5,2,1,0.0,26300.0,0
54,NonResidential,17036.0,0,LAKE UNION,0.0,2,Restaurant,1.0,0.0,6584966.5,2,1,0.0,34072.0,0
67,NonResidential,7785.0,0,LAKE UNION,1.0,3,Small- and Mid-Sized Office,1.0,0.0,840549.375,1,1,0.0,21915.0,0
51,NonResidential,7710.0,0,MAGNOLIA / QUEEN ANNE,1.0,4,Small- and Mid-Sized Office,1.0,1180.0,3542708.5,2,2,0.0,30435.0,0
70,NonResidential,20332.0,0,NORTHEAST,1.0,1,Other,1.0,0.0,392683.6875,2,1,0.0,20332.0,0
116,NonResidential,21850.0,0,CENTRAL,1.0,1,Worship Facility,1.0,0.0,317794.4063,2,1,0.0,21850.0,0
19,NonResidential,8070.5,1,NORTHEAST,1.0,4,Mixed Use Property,0.7836255498420173,6985.0,1391714.25,2,3,6576.0,26161.0,0
33,NonResidential,23658.23076923077,1,DOWNTOWN,1.0,13,Large Office,0.729923233742038,83064.0,9512829.0,1,3,55065.0,300551.0,0
98,NonResidential,14154.5,0,MAGNOLIA / QUEEN ANNE,1.0,2,Self-Storage Facility,1.0,0.0,430308.9063,2,1,0.0,28309.0,0
102,NonResidential,11375.0,0,DOWNTOWN,1.0,4,Hotel,1.0,0.0,2799595.0,3,1,0.0,45500.0,1
116,NonResidential,7675.2,0,DOWNTOWN,1.0,5,Small- and Mid-Sized Office,1.0,2409.0,2058532.875,1,2,0.0,31667.0,0
116,NonResidential,10701.0,0,DOWNTOWN,1.0,4,Small- and Mid-Sized Office,1.0,6583.0,1544501.75,2,2,0.0,30703.0,0
11,NonResidential,11520.0,1,DOWNTOWN,0.0,5,Mixed Use Property,1.0,16000.0,6983736.0,2,3,7000.0,50600.0,0
116,NonResidential,8325.0,1,DOWNTOWN,1.0,4,Small- and Mid-Sized Office,1.0,2820.0,1287497.375,2,3,2377.0,31836.0,0
116,NonResidential,8483.333333333334,0,DOWNTOWN,1.0,3,Hotel,1.0,0.0,503744.6875,1,1,0.0,25450.0,0
116,NonResidential,7400.0,0,DOWNTOWN,1.0,3,Other,1.0,0.0,188745.7031,2,1,0.0,22200.0,0
48,NonResidential,14749.0,0,MAGNOLIA / QUEEN ANNE,1.0,2,Warehouse,1.0,9148.0,3768900.5,2,2,0.0,28897.0,0
78,NonResidential,23050.0,0,LAKE UNION,1.0,1,Warehouse,1.0,0.0,466672.6875,1,1,0.0,23050.0,0
8,NonResidential,12087.5,0,LAKE UNION,1.0,4,Small- and Mid-Sized Office,1.0,0.0,3168131.0,1,1,0.0,0.0,0
86,NonResidential,46059.0,0,NORTHEAST,1.0,1,Retail Store,1.0,0.0,1582655.875,2,1,0.0,46000.0,0
46,NonResidential,11797.5,0,NORTHEAST,1.0,2,Medical Office,1.0,0.0,817409.625,2,1,0.0,23595.0,0
116,NonResidential,9380.666666666666,0,DOWNTOWN,1.0,3,Small- and Mid-Sized Office,1.0,0.0,847097.8125,3,1,0.0,28142.0,1
116,NonResidential,9586.666666666666,1,DOWNTOWN,1.0,3,Small- and Mid-Sized Office,1.0,6020.0,2615973.5,3,3,6000.0,24334.0,1
114,NonResidential,9757.5,0,DOWNTOWN,1.0,4,Small- and Mid-Sized Office,1.0,6685.0,713326.875,2,2,0.0,38686.0,0
107,NonResidential,15738.333333333334,0,DOWNTOWN,0.0,3,Small- and Mid-Sized Office,1.0,22376.0,2092696.0,2,2,0.0,46035.0,0
90,Nonresidential COS,30790.0,0,EAST,1.0,2,Other,0.5615459564793764,23154.0,4199443.0,2,2,0.0,59434.0,0
99,NonResidential,10240.0,0,EAST,1.0,3,Small- and Mid-Sized Office,1.0,1000.0,1288669.5,2,2,0.0,30720.0,0
100,NonResidential,10320.0,1,EAST,1.0,2,Mixed Use Property,1.0,9212.0,412562.4063,1,3,2450.0,21412.0,0
104,NonResidential,17457.0,1,EAST,1.0,2,Mixed Use Property,1.0,10638.0,1333289.625,1,3,5837.0,31458.0,0
110,NonResidential,6965.666666666667,1,EAST,1.0,3,Small- and Mid-Sized Office,1.0,3433.0,964923.8125,2,3,3400.0,17061.0,0
100,NonResidential,18470.0,0,EAST,1.0,2,Retail Store,1.0,0.0,336745.4063,1,1,0.0,36940.0,0
103,NonResidential,7622.0,0,EAST,1.0,3,Small- and Mid-Sized Office,1.0,0.0,1153690.125,2,1,0.0,22866.0,0
96,NonResidential,30240.0,0,EAST,1.0,1,Retail Store,1.0,714.0,1264626.875,2,2,0.0,32919.0,0
106,NonResidential,10700.0,0,EAST,1.0,3,Low-Rise Multifamily,1.0,10700.0,108200.3984,2,2,0.0,32100.0,0
54,NonResidential,14293.0,0,NORTHEAST,1.0,2,Other,1.0,0.0,5078204.0,1,1,0.0,27022.0,0
108,NonResidential,9600.0,0,DOWNTOWN,1.0,3,Hotel,1.0,7200.0,4644346.0,2,2,0.0,28800.0,0
103,NonResidential,9600.0,0,DOWNTOWN,1.0,3,Restaurant,1.0,0.0,899924.1875,2,1,0.0,0.0,0
37,NonResidential,11734.0,0,DOWNTOWN,1.0,3,Small- and Mid-Sized Office,1.0,9127.0,3605755.5,1,2,0.0,33354.0,0
47,NonResidential,15852.833333333334,0,EAST,1.0,6,Senior Care Community,0.7257903424203875,26082.0,7202141.5,2,2,0.0,95117.0,0
106,NonResidential,12300.0,0,EAST,1.0,2,Worship Facility,1.0,0.0,331059.5,2,1,0.0,24600.0,0
116,NonResidential,48850.0,1,EAST,1.0,1,Worship Facility,1.0,4325.0,1063480.5,3,3,3700.0,36750.0,1
55,NonResidential,18287.666666666668,0,SOUTHWEST,0.0,3,Hospital,1.0,0.0,2037720.625,1,1,0.0,109726.0,0
52,NonResidential,25000.0,1,GREATER DUWAMISH,1.0,1,Warehouse,1.0,7500.0,1989103.875,2,3,4107.0,25000.0,0
56,NonResidential,25000.0,0,GREATER DUWAMISH,1.0,1,Warehouse,1.0,1000.0,287132.5,2,2,0.0,25000.0,0
89,NonResidential,22622.0,0,GREATER DUWAMISH,1.0,1,Other,1.0,0.0,774075.6875,2,1,0.0,23000.0,0
99,NonResidential,9181.333333333334,0,EAST,1.0,3,Small- and Mid-Sized Office,1.0,3744.0,1031667.5,2,2,0.0,26109.0,0
27,NonResidential,6773.571428571428,1,DOWNTOWN,1.0,7,Small- and Mid-Sized Office,1.0,7000.0,1478979.25,1,3,5713.0,38597.0,0
55,NonResidential,7653.333333333333,0,MAGNOLIA / QUEEN ANNE,1.0,3,Other,1.0,0.0,2266983.0,2,1,0.0,22960.0,0
18,NonResidential,44739.0,0,EAST,1.0,1,Supermarket / Grocery Store,1.0,0.0,14585813.0,2,2,0.0,44739.0,0
68,NonResidential,22778.0,1,NORTHEAST,1.0,1,Mixed Use Property,1.0,12923.0,2470566.0,2,3,3720.0,37837.0,0
60,NonResidential,10781.0,0,BALLARD,1.0,2,Worship Facility,1.0,400.0,866806.0,2,2,0.0,21452.0,0
57,NonResidential,25753.0,0,CENTRAL,1.0,1,Other,1.0,0.0,1378130.25,2,1,0.0,25753.0,0
88,NonResidential,23760.0,0,EAST,1.0,3,Other,1.0,0.0,22767828.0,2,1,0.0,71280.0,0
91,SPS-District K-12,12765.666666666666,0,EAST,1.0,3,K-12 School,1.0,0.0,1845150.625,2,1,0.0,38297.0,0
53,NonResidential,9582.0,1,EAST,1.0,16,Senior Care Community,1.0,72317.0,20628680.0,2,3,4722.0,225629.0,0
7,NonResidential,63508.94736842105,1,DOWNTOWN,1.0,19,Mixed Use Property,0.8327156554816147,181047.0,27684480.0,2,3,177210.0,677618.0,0
48,NonResidential,24200.0,0,SOUTHEAST,1.0,1,Worship Facility,1.0,0.0,826488.6875,2,2,0.0,24200.0,0
35,NonResidential,5878.25,1,MAGNOLIA / QUEEN ANNE,1.0,4,Residence Hall,0.9059669119210649,2600.0,1740568.25,2,3,1800.0,19600.0,0
22,NonResidential,22203.333333333332,0,DELRIDGE,1.0,3,Self-Storage Facility,1.0,0.0,640377.0,2,1,0.0,66720.0,0
66,NonResidential,36000.0,0,GREATER DUWAMISH,1.0,1,Other,1.0,1400.0,3646053.75,2,2,0.0,35400.0,0
78,NonResidential,11611.0,0,NORTHWEST,1.0,2,K-12 School,1.0,0.0,1219863.125,2,1,0.0,15006.0,0
92,NonResidential,12238.0,1,EAST,1.0,2,Mixed Use Property,1.0,5872.0,2662054.25,2,3,5375.0,18748.0,0
106,NonResidential,12375.0,1,EAST,0.0,2,Retail Store,1.0,2050.0,782343.8125,2,3,1250.0,22540.0,0
112,NonResidential,20000.0,0,EAST,1.0,3,K-12 School,1.0,0.0,3625407.5,2,1,0.0,48783.0,0
62,NonResidential,23280.0,0,EAST,1.0,2,Other,1.0,0.0,690557.6875,2,1,0.0,46560.0,0
36,NonResidential,10136.0,0,MAGNOLIA / QUEEN ANNE,1.0,3,Other,1.0,5408.0,1440554.25,1,2,0.0,30408.0,0
96,NonResidential,10036.333333333334,0,MAGNOLIA / QUEEN ANNE,1.0,3,Small- and Mid-Sized Office,1.0,7200.0,1465795.75,2,2,0.0,35600.0,0
52,SPS-District K-12,19964.5,0,SOUTHWEST,1.0,2,K-12 School,1.0,0.0,1813718.0,2,1,0.0,39929.0,0
56,NonResidential,12740.5,0,MAGNOLIA / QUEEN ANNE,1.0,2,Small- and Mid-Sized Office,1.0,0.0,917100.3125,2,1,0.0,25481.0,0
49,NonResidential,141297.0,0,SOUTHEAST,1.0,1,Senior Care Community,1.0,0.0,19423344.0,2,1,0.0,141297.0,0
104,NonResidential,13894.0,0,LAKE UNION,1.0,2,Small- and Mid-Sized Office,1.0,4874.0,2119806.25,2,2,0.0,37484.0,0
26,NonResidential,10426.0,0,NORTHWEST,1.0,4,Hotel,0.7941684250911184,0.0,1943899.25,2,1,0.0,41704.0,0
75,NonResidential,11162.0,0,GREATER DUWAMISH,1.0,2,Warehouse,1.0,0.0,588856.125,2,1,0.0,21000.0,0
70,NonResidential,15680.0,0,GREATER DUWAMISH,1.0,2,Other,1.0,0.0,1725108.25,2,1,0.0,32000.0,0
69,NonResidential,30496.0,1,GREATER DUWAMISH,1.0,1,Mixed Use Property,1.0,10272.0,1992158.25,2,3,8012.0,32628.0,0
94,NonResidential,9200.0,0,EAST,1.0,3,Small- and Mid-Sized Office,1.0,9175.0,1072151.375,2,2,0.0,22350.0,0
55,NonResidential,27987.0,0,Northwest,1.0,2,Senior Care Community,1.0,0.0,6135173.0,2,1,0.0,56000.0,0
45,SPS-District K-12,26450.5,0,GREATER DUWAMISH,1.0,2,K-12 School,1.0,0.0,2240342.0,2,1,0.0,52901.0,0
62,NonResidential,22583.0,0,NORTH,1.0,1,Senior Care Community,1.0,0.0,1981360.0,2,1,0.0,22583.0,0
19,NonResidential,10562.0,1,LAKE UNION,0.0,3,Small- and Mid-Sized Office,0.7677838793157862,6750.0,2305643.5,1,3,3743.0,36420.0,0
35,NonResidential,8898.0,0,LAKE UNION,1.0,3,Small- and Mid-Sized Office,0.773956694388252,4720.0,720170.6875,1,2,0.0,29634.0,0
44,NonResidential,29400.0,0,NORTHWEST,1.0,1,Warehouse,1.0,0.0,227509.5,1,1,0.0,25000.0,0
24,NonResidential,7484.0,0,GREATER DUWAMISH,1.0,3,Hotel,1.0,0.0,1244150.0,2,1,0.0,22452.0,0
104,NonResidential,12883.5,0,NORTHEAST,1.0,2,Other,1.0,0.0,1581352.75,1,1,0.0,17434.0,0
63,NonResidential,8477.5,0,NORTHEAST,1.0,4,Retail Store,1.0,14462.0,1822834.25,2,2,0.0,29047.0,0
89,NonResidential,39200.5,1,NORTHEAST,1.0,2,Worship Facility,1.0,9940.0,2462408.25,2,3,4960.0,77300.0,0
37,NonResidential,39358.0,1,LAKE UNION,1.0,2,Warehouse,1.0,29399.0,4103800.75,2,3,6278.0,76952.0,0
106,NonResidential,16650.0,0,LAKE UNION,1.0,2,K-12 School,1.0,0.0,1594733.625,2,1,0.0,30740.0,0
59,NonResidential,28808.0,0,LAKE UNION,1.0,1,Supermarket / Grocery Store,1.0,0.0,9232576.0,2,1,0.0,31174.0,0
59,NonResidential,27966.0,0,NORTHEAST,1.0,1,Small- and Mid-Sized Office,0.74955302867768,7004.0,1100499.75,1,2,0.0,27966.0,0
66,NonResidential,26226.0,0,NORTHEAST,1.0,1,Supermarket / Grocery Store,1.0,0.0,7588060.5,2,2,0.0,25828.0,0
40,NonResidential,17474.0,0,NORTHEAST,1.0,2,Mixed Use Property,0.5491873640837817,19183.0,1159807.125,1,2,0.0,38366.0,0
18,NonResidential,12546.333333333334,0,LAKE UNION,1.0,3,Small- and Mid-Sized Office,0.734344695661415,7557.0,6197824.5,1,2,0.0,27991.0,0
116,NonResidential,5710.0,0,DOWNTOWN,1.0,4,Small- and Mid-Sized Office,1.0,4440.0,881386.1875,1,2,0.0,22840.0,0
116,NonResidential,21420.0,1,DOWNTOWN,1.0,1,Other,1.0,5000.0,810636.875,2,3,2000.0,17420.0,0
116,NonResidential,20880.0,0,DOWNTOWN,1.0,1,Small- and Mid-Sized Office,1.0,0.0,683274.0,1,1,0.0,20880.0,0
50,NonResidential,8666.666666666666,0,DOWNTOWN,1.0,3,Mixed Use Property,1.0,13000.0,1063035.875,2,2,0.0,26000.0,0
116,NonResidential,12891.666666666666,0,DOWNTOWN,1.0,3,Small- and Mid-Sized Office,1.0,4281.0,1938776.75,2,2,0.0,16381.0,0
87,Nonresidential COS,12487.75,0,DOWNTOWN,1.0,4,Small- and Mid-Sized Office,1.0,24035.0,5134446.0,3,2,0.0,56074.0,1
6,NonResidential,12940.0,0,SOUTHEAST,1.0,2,Medical Office,1.0,0.0,1941728.75,2,1,0.0,25880.0,0
89,NonResidential,13671.0,0,NORTHEAST,1.0,3,Worship Facility,1.0,2310.0,1080821.0,2,2,0.0,34408.0,0
12,NonResidential,10537.5,0,NORTHEAST,1.0,2,Other,1.0,3000.0,1581036.75,2,2,0.0,21075.0,0
66,NonResidential,15495.0,0,NORTHEAST,1.0,3,Worship Facility,1.0,0.0,1544995.75,2,1,0.0,63922.0,0
51,NonResidential,14224.0,0,NORTHWEST,1.0,4,Small- and Mid-Sized Office,1.0,16128.0,1402048.5,2,2,0.0,56896.0,0
38,NonResidential,13750.0,0,NORTHWEST,1.0,2,Worship Facility,1.0,0.0,577123.125,2,1,0.0,27500.0,0
86,NonResidential,18315.0,0,DOWNTOWN,1.0,2,Small- and Mid-Sized Office,1.0,11000.0,541943.3125,1,2,0.0,33000.0,0
116,NonResidential,8943.333333333334,0,DOWNTOWN,0.0,3,Small- and Mid-Sized Office,1.0,10000.0,2099386.75,2,2,0.0,26838.0,0
110,NonResidential,8384.0,0,DOWNTOWN,1.0,5,Small- and Mid-Sized Office,1.0,0.0,1103594.75,1,1,0.0,41920.0,0
111,NonResidential,7375.8,0,DOWNTOWN,1.0,5,Small- and Mid-Sized Office,1.0,0.0,1537570.25,2,1,0.0,44000.0,0
112,NonResidential,4970.0,0,DOWNTOWN,1.0,6,Other,1.0,0.0,1601955.625,2,1,0.0,29820.0,0
111,NonResidential,16820.0,0,DOWNTOWN,0.0,2,Small- and Mid-Sized Office,1.0,0.0,1078535.75,1,1,0.0,27322.0,0
110,NonResidential,10871.0,1,DOWNTOWN,1.0,4,Warehouse,1.0,9531.0,1567040.75,1,3,7537.0,43484.0,0
116,NonResidential,7493.333333333333,1,DOWNTOWN,1.0,3,Mixed Use Property,1.0,10800.0,981009.125,1,3,7200.0,28800.0,0
91,NonResidential,8254.5,0,DOWNTOWN,1.0,4,Hotel,1.0,6165.0,4857581.5,2,2,0.0,29358.0,0
46,NonResidential,13255.0,0,DOWNTOWN,1.0,2,Small- and Mid-Sized Office,1.0,0.0,987063.6875,2,1,0.0,30800.0,0
78,NonResidential,40028.0,1,LAKE UNION,1.0,1,Warehouse,1.0,10208.0,942415.1875,2,3,6200.0,49630.0,0
9,NonResidential,14836.666666666666,0,LAKE UNION,1.0,3,Small- and Mid-Sized Office,0.5904740507751067,18228.0,2188051.25,1,2,0.0,44510.0,0
62,NonResidential,21624.0,0,NORTH,1.0,1,Worship Facility,1.0,0.0,666687.5,2,1,0.0,21624.0,0
46,SPS-District K-12,42239.0,0,NORTHWEST,1.0,1,K-12 School,1.0,0.0,2145603.5,2,1,0.0,48799.0,0
91,SPS-District K-12,17120.0,0,Northwest,1.0,3,K-12 School,1.0,0.0,1403094.75,2,1,0.0,51026.0,0
23,NonResidential,7200.0,0,DOWNTOWN,0.0,3,Small- and Mid-Sized Office,1.0,10000.0,1539176.625,2,2,0.0,21600.0,0
107,NonResidential,6873.333333333333,1,DOWNTOWN,1.0,3,Mixed Use Property,1.0,5280.0,747456.875,2,3,5280.0,20620.0,0
106,NonResidential,8110.4,0,DOWNTOWN,1.0,5,Hotel,1.0,0.0,1200180.875,2,1,0.0,40552.0,0
107,NonResidential,10477.333333333334,1,DOWNTOWN,1.0,3,Small- and Mid-Sized Office,1.0,7125.0,1439572.375,1,3,1248.0,31432.0,0
99,NonResidential,12275.0,0,DOWNTOWN,1.0,2,Retail Store,1.0,11050.0,977230.3125,2,2,0.0,24550.0,0
16,SPS-District K-12,30526.0,0,LAKE UNION,1.0,2,K-12 School,1.0,0.0,2366929.5,2,1,0.0,61052.0,0
108,NonResidential,8621.333333333334,0,CENTRAL,1.0,3,Other,1.0,8420.0,1028277.313,2,2,0.0,21784.0,0
92,NonResidential,6895.333333333333,0,NORTHEAST,1.0,3,Other,1.0,0.0,1207504.0,2,1,0.0,20686.0,0
87,NonResidential,7374.666666666667,0,NORTHEAST,1.0,3,Residence Hall,1.0,0.0,637685.0,1,1,0.0,22124.0,0
90,NonResidential,9162.333333333334,0,NORTHEAST,1.0,3,Residence Hall,1.0,0.0,1594504.875,2,1,0.0,27487.0,0
90,NonResidential,5904.0,0,NORTHEAST,1.0,4,Residence Hall,1.0,0.0,1656420.25,2,1,0.0,23616.0,0
40,NonResidential,11149.333333333334,0,NORTHEAST,1.0,3,Residence Hall,1.0,0.0,998633.5,1,1,0.0,33448.0,0
11,Nonresidential COS,14754.0,1,EAST,0.0,2,Mixed Use Property,0.7587095025077945,8183.0,2217620.0,2,3,6569.0,25826.0,0
29,NonResidential,37420.0,0,CENTRAL,1.0,2,Senior Care Community,1.0,0.0,8268496.5,2,1,0.0,74840.0,0
103,Nonresidential COS,6997.333333333333,1,CENTRAL,1.0,3,Other,1.0,4625.0,2473302.0,2,3,1665.0,30890.0,0
91,NonResidential,11172.0,0,CENTRAL,1.0,2,K-12 School,1.0,0.0,1522596.75,2,1,0.0,22344.0,0
95,NonResidential,10633.333333333334,0,EAST,1.0,3,University,1.0,0.0,2466100.0,2,1,0.0,26000.0,0
66,Nonresidential COS,14708.5,1,BALLARD,1.0,2,Other,1.0,8946.0,1631479.125,2,3,1445.0,28880.0,0
107,NonResidential,16433.0,1,DOWNTOWN,1.0,3,Mixed Use Property,1.0,23632.0,4729846.5,1,3,5320.0,53051.0,0
19,NonResidential,31841.0,0,SOUTHWEST,1.0,1,Supermarket / Grocery Store,1.0,942.0,13140574.0,2,2,0.0,31841.0,0
28,NonResidential,10518.0,1,EAST,1.0,2,Mixed Use Property,1.0,8164.0,2735811.5,2,3,7280.0,26465.0,0
17,NonResidential,16464.0,1,NORTHEAST,1.0,2,Mixed Use Property,1.0,16710.0,5652231.0,1,3,16128.0,57126.0,0
62,NonResidential,10019.5,0,NORTHEAST,1.0,2,Worship Facility,1.0,0.0,104722.2969,1,1,0.0,20039.0,0
88,SPS-District K-12,27471.5,0,NORTHEAST,1.0,2,K-12 School,1.0,0.0,2155390.25,2,1,0.0,57247.0,0
56,NonResidential,44476.0,0,GREATER DUWAMISH,1.0,1,Warehouse,1.0,0.0,1368120.5,2,1,0.0,41256.0,0
47,NonResidential,35017.0,1,GREATER DUWAMISH,1.0,1,Small- and Mid-Sized Office,1.0,10234.0,1295485.25,2,3,0.0,30019.0,0
66,NonResidential,9694.666666666666,0,NORTHEAST,1.0,3,Residence Hall,1.0,0.0,1632498.625,2,1,0.0,26000.0,0
53,NonResidential,11476.0,0,SOUTHEAST,1.0,2,Worship Facility,1.0,0.0,470666.6875,2,2,0.0,22962.0,0
40,NonResidential,21040.0,0,GREATER DUWAMISH,1.0,1,Warehouse,1.0,0.0,592088.125,2,1,0.0,21040.0,0
65,NonResidential,14016.0,0,GREATER DUWAMISH,1.0,2,Warehouse,1.0,0.0,1321065.0,2,1,0.0,30000.0,0
42,NonResidential,25620.0,0,GREATER DUWAMISH,1.0,1,Distribution Center,1.0,0.0,550324.1875,2,1,0.0,25620.0,0
24,NonResidential,11079.333333333334,0,DOWNTOWN,1.0,3,Warehouse,1.0,0.0,1632472.0,1,1,0.0,33238.0,0
104,NonResidential,6950.0,0,EAST,1.0,4,K-12 School,1.0,0.0,1181428.75,2,1,0.0,11093.0,0
16,NonResidential,117696.0,1,DOWNTOWN,1.0,6,Large Office,1.0,78049.0,13270687.0,1,3,5171.0,306027.0,0
18,NonResidential,33706.0,0,SOUTHWEST,1.0,1,Supermarket / Grocery Store,1.0,0.0,8687690.0,2,1,0.0,31746.0,0
55,NonResidential,18800.0,1,MAGNOLIA / QUEEN ANNE,1.0,2,Mixed Use Property,1.0,16200.0,2171751.5,2,3,3000.0,37600.0,0
62,SPS-District K-12,42128.0,0,NORTHWEST,1.0,1,K-12 School,1.0,0.0,1709307.5,2,1,0.0,42128.0,0
84,SPS-District K-12,22376.5,0,BALLARD,1.0,2,K-12 School,1.0,0.0,1638691.625,2,1,0.0,46545.0,0
104,NonResidential,11236.0,0,EAST,1.0,3,Other,1.0,0.0,786324.0,3,1,0.0,33708.0,1
68,NonResidential,23618.5,0,North,1.0,2,Other,1.0,0.0,5981430.0,1,1,0.0,47661.0,0
27,SPS-District K-12,28649.0,0,BALLARD,1.0,2,K-12 School,1.0,0.0,1586388.75,1,1,0.0,60882.0,0
19,NonResidential,76585.0,0,NORTHEAST,1.0,1,Supermarket / Grocery Store,0.4961807142390808,0.0,13906080.0,2,2,0.0,41447.0,0
78,NonResidential,8791.0,0,NORTHEAST,1.0,3,Worship Facility,1.0,0.0,964236.0,2,1,0.0,26373.0,0
60,NonResidential,37934.0,1,CENTRAL,6.0,2,Small- and Mid-Sized Office,1.0,12622.0,3605749.75,1,3,6662.0,69663.0,0
69,NonResidential,10828.0,1,EAST,1.0,2,Mixed Use Property,1.0,5561.0,1607972.25,2,3,5090.0,16307.0,0
95,Nonresidential COS,7680.0,0,MAGNOLIA / QUEEN ANNE,1.0,3,Distribution Center,1.0,0.0,421430.0,1,1,0.0,23040.0,0
60,NonResidential,18385.5,0,MAGNOLIA / QUEEN ANNE,1.0,2,Other,1.0,0.0,5447076.5,1,1,0.0,34856.0,0
39,NonResidential,24024.0,0,GREATER DUWAMISH,1.0,1,Warehouse,1.0,9710.0,375773.5938,1,2,0.0,24024.0,0
63,NonResidential,42420.0,1,GREATER DUWAMISH,1.0,1,Warehouse,1.0,10000.0,965425.1875,2,3,5000.0,42420.0,0
37,NonResidential,36982.0,0,GREATER DUWAMISH,1.0,1,Distribution Center,1.0,2600.0,374753.8125,2,2,0.0,36982.0,0
52,NonResidential,11700.0,1,GREATER DUWAMISH,1.0,2,Warehouse,1.0,3374.0,439266.9063,1,3,0.0,23376.0,0
68,NonResidential,15360.0,1,MAGNOLIA / QUEEN ANNE,1.0,2,Other,1.0,1600.0,1683064.25,2,3,1000.0,30720.0,0
44,NonResidential,23232.0,0,GREATER DUWAMISH,1.0,1,Warehouse,1.0,0.0,127374.0,1,1,0.0,23232.0,0
42,NonResidential,35046.0,0,GREATER DUWAMISH,1.0,1,Warehouse,1.0,0.0,1063269.125,2,1,0.0,32546.0,0
55,NonResidential,25577.0,1,GREATER DUWAMISH,1.0,1,Refrigerated Warehouse,1.0,8228.0,895784.6875,2,3,4000.0,25577.0,0
42,NonResidential,43380.0,0,GREATER DUWAMISH,1.0,1,Warehouse,1.0,0.0,405062.0,1,1,0.0,42844.0,0
21,NonResidential,6803.333333333333,0,LAKE UNION,1.0,3,Small- and Mid-Sized Office,1.0,0.0,2720238.25,2,1,0.0,20410.0,0
33,NonResidential,8232.0,0,NORTHWEST,1.0,3,Small- and Mid-Sized Office,0.7448979591836735,6300.0,624125.625,1,2,0.0,24696.0,0
60,SPS-District K-12,45174.0,0,NORTHWEST,1.0,1,K-12 School,1.0,0.0,1980825.25,2,1,0.0,45174.0,0
14,NonResidential,24955.0,0,NORTHWEST,1.0,1,Worship Facility,1.0,0.0,689803.0,2,1,0.0,24955.0,0
25,NonResidential,11358.0,0,Central,1.0,3,Other,1.0,0.0,8521989.0,2,1,0.0,34074.0,0
10,NonResidential,39255.2,0,DOWNTOWN,0.0,10,Hotel,0.9433832969899529,52400.0,17457560.0,2,2,0.0,250800.0,0
55,NonResidential,38237.5,0,North,1.0,2,Worship Facility,1.0,31033.0,1765813.625,2,2,0.0,76475.0,0
28,NonResidential,16480.5,0,North,1.0,2,K-12 School,1.0,0.0,1573155.0,2,1,0.0,32961.0,0
12,Nonresidential COS,27376.0,0,NORTHWEST,1.0,1,Other,0.46778199883109295,0.0,1082920.125,2,2,0.0,12806.0,0
66,Campus,109794.0,0,CENTRAL,1.0,1,K-12 School,1.0,0.0,3296526.25,2,1,0.0,109794.0,0
105,NonResidential,8400.0,0,Central,1.0,3,Other,1.0,0.0,1242666.25,2,1,0.0,25200.0,0
20,NonResidential,44755.0,0,North,1.0,1,Supermarket / Grocery Store,1.0,0.0,11521140.0,2,1,0.0,46978.0,0
109,NonResidential,11160.0,0,EAST,1.0,2,Other,1.0,0.0,209644.9063,2,1,0.0,22320.0,0
104,NonResidential,8000.0,1,EAST,1.0,3,Mixed Use Property,1.0,6000.0,932083.5,2,3,6000.0,24000.0,0
96,NonResidential,7807.333333333333,0,EAST,1.0,3,Small- and Mid-Sized Office,1.0,0.0,2701872.0,2,1,0.0,23422.0,0
41,NonResidential,19439.5,0,EAST,5.0,2,Other,0.7086344813395407,0.0,3371659.75,2,1,0.0,38879.0,0
18,NonResidential,10606.8,1,EAST,1.0,5,Mixed Use Property,0.7242335105781197,14257.0,3392129.0,2,3,13308.0,50051.0,0
96,NonResidential,11520.0,0,EAST,1.0,2,Warehouse,1.0,0.0,79711.79688,2,1,0.0,23040.0,0
58,NonResidential,30940.0,0,EAST,1.0,2,Warehouse,1.0,0.0,595936.5,1,1,0.0,61880.0,0
91,NonResidential,13969.0,0,EAST,1.0,2,Small- and Mid-Sized Office,1.0,13188.0,1027394.313,2,2,0.0,27105.0,0
92,NonResidential,10800.0,0,NORTHEAST,1.0,2,Other,1.0,9650.0,1623657.0,1,2,0.0,42230.0,0
87,Nonresidential COS,9302.666666666666,0,NORTHEAST,1.0,3,Other,1.0,0.0,2028125.625,2,1,0.0,21886.0,0
16,Campus,15281.0,0,CENTRAL,1.0,2,K-12 School,1.0,0.0,1622231.375,2,1,0.0,30562.0,0
16,NonResidential,18323.0,0,DOWNTOWN,1.0,3,Retail Store,1.0,0.0,3724098.25,2,1,0.0,54969.0,0
65,NonResidential,18412.5,1,CENTRAL,1.0,2,K-12 School,1.0,10415.0,1755072.75,2,3,4925.0,59680.0,0
58,NonResidential,8611.333333333334,0,EAST,1.0,3,Small- and Mid-Sized Office,1.0,0.0,2076289.625,2,1,0.0,31822.0,0
87,NonResidential,37700.0,0,EAST,1.0,1,Worship Facility,1.0,0.0,3481727.5,2,1,0.0,52225.0,0
91,SPS-District K-12,13636.5,0,EAST,1.0,2,K-12 School,1.0,0.0,1258619.125,2,1,0.0,27273.0,0
12,NonResidential,16204.833333333334,1,Central,1.0,6,Mixed Use Property,1.0,35973.0,1021754.688,1,3,16956.0,98229.0,0
34,NonResidential,8370.333333333334,1,NORTHWEST,1.0,3,Small- and Mid-Sized Office,1.0,7850.0,954352.6875,2,3,0.0,22106.0,0
63,NonResidential,15902.5,0,MAGNOLIA / QUEEN ANNE,1.0,2,Worship Facility,1.0,0.0,1641667.0,2,1,0.0,31805.0,0
63,NonResidential,20811.0,0,MAGNOLIA / QUEEN ANNE,1.0,1,K-12 School,1.0,0.0,1267348.5,2,1,0.0,20811.0,0
49,Nonresidential COS,11029.0,0,GREATER DUWAMISH,1.0,2,Warehouse,1.0,7286.0,1987334.75,2,2,0.0,19930.0,0
46,NonResidential,22890.0,0,GREATER DUWAMISH,1.0,1,Refrigerated Warehouse,1.0,2890.0,10005787.0,2,2,0.0,46342.0,0
109,NonResidential,7200.0,0,GREATER DUWAMISH,1.0,5,Other,1.0,0.0,1111293.75,2,1,0.0,36000.0,0
45,NonResidential,28320.0,0,GREATER DUWAMISH,1.0,1,Distribution Center,1.0,0.0,4236396.5,2,2,0.0,28320.0,0
61,NonResidential,29079.0,0,NORTHEAST,1.0,1,Worship Facility,1.0,0.0,861643.6875,2,1,0.0,29079.0,0
34,NonResidential,9616.0,0,EAST,1.0,3,Small- and Mid-Sized Office,0.6666666666666666,9616.0,726917.5,1,2,0.0,28848.0,0
28,NonResidential,10267.5,0,Ballard,1.0,2,Small- and Mid-Sized Office,1.0,8200.0,1835804.0,2,2,0.0,21800.0,0
31,NonResidential,21512.5,0,MAGNOLIA / QUEEN ANNE,1.0,2,Laboratory,1.0,13498.0,9393108.0,2,2,0.0,43025.0,0
51,NonResidential,30800.0,0,GREATER DUWAMISH,1.0,1,Warehouse,1.0,0.0,485971.0,1,1,0.0,30800.0,0
116,NonResidential,7389.333333333333,0,EAST,1.0,3,Mixed Use Property,1.0,11084.0,1784385.25,2,2,0.0,22168.0,0
94,NonResidential,37400.0,1,GREATER DUWAMISH,1.0,1,Warehouse,1.0,5706.0,924192.6875,2,3,4473.0,37450.0,0
16,NonResidential,24375.454545454544,0,DOWNTOWN,1.0,11,Large Office,1.0,0.0,15026352.0,2,1,0.0,268130.0,0
16,NonResidential,6222.909090909091,0,DOWNTOWN,1.0,11,Small- and Mid-Sized Office,1.0,6787.0,3782378.25,1,2,0.0,68452.0,0
16,NonResidential,24835.0,0,DOWNTOWN,1.0,11,Large Office,1.0,0.0,14709151.0,1,1,0.0,281566.0,0
92,NonResidential,32500.0,0,NORTHEAST,1.0,3,K-12 School,1.0,0.0,3736960.0,2,1,0.0,97500.0,0
34,NonResidential,10803.0,0,MAGNOLIA / QUEEN ANNE,1.0,5,Small- and Mid-Sized Office,1.0,0.0,3020001.5,1,1,0.0,54015.0,0
31,NonResidential,3230.769230769231,1,DOWNTOWN,1.0,13,Restaurant,1.0,15310.0,7798464.0,3,3,7673.0,49537.0,1
34,NonResidential,4987.541666666667,0,DOWNTOWN,0.0,24,Large Office,1.0,16823.0,8382140.5,1,2,0.0,119701.0,0
51,Nonresidential COS,24697.0,0,NORTH,1.0,1,Other,1.0,4717.0,1295685.75,2,2,0.0,20017.0,0
3,NonResidential,57468.0,0,CENTRAL,2.0,1,University,1.0,0.0,3543985.5,2,1,0.0,67750.0,0
10,NonResidential,16800.0,0,EAST,1.0,5,University,1.0,0.0,12184124.0,2,1,0.0,84300.0,0
25,NonResidential,34333.333333333336,0,DOWNTOWN,1.0,3,Retail Store,1.0,0.0,5214621.5,2,1,0.0,103000.0,0
8,NonResidential,37864.0,0,SOUTHWEST,1.0,1,Supermarket / Grocery Store,1.0,0.0,8025696.0,2,1,0.0,37864.0,0
66,NonResidential,33248.5,0,EAST,1.0,2,Supermarket / Grocery Store,1.0,0.0,9290214.0,2,1,0.0,66497.0,0
10,NonResidential,8502.5,0,MAGNOLIA / QUEEN ANNE,1.0,4,Retail Store,1.0,0.0,3560614.25,1,1,0.0,38428.0,0
10,NonResidential,11495.0,0,MAGNOLIA / QUEEN ANNE,1.0,4,Supermarket / Grocery Store,1.0,0.0,8305255.0,2,1,0.0,45980.0,0
20,NonResidential,15247.666666666666,0,EAST,0.0,3,Retail Store,1.0,0.0,5313217.0,2,1,0.0,45243.0,0
25,NonResidential,45000.0,0,CENTRAL,1.0,1,Other,1.0,0.0,3505497.0,2,2,0.0,45000.0,0
17,NonResidential,55616.333333333336,0,GREATER DUWAMISH,1.0,6,Other,1.0,333698.0,13730204.0,2,2,0.0,766601.0,0
112,NonResidential,18214.75,0,GREATER DUWAMISH,1.0,4,Warehouse,1.0,0.0,1498457.875,2,1,0.0,72859.0,0
7,SPS-District K-12,69352.5,0,SOUTHEAST,1.0,2,K-12 School,1.0,0.0,4959298.0,2,1,0.0,138705.0,0
12,NonResidential,7315.666666666667,1,GREATER DUWAMISH,1.0,3,Mixed Use Property,1.0,12023.0,1554599.25,2,3,4920.0,31820.0,0
76,NonResidential,0.0,0,NORTHEAST,1.0,0,Warehouse,1.0,63872.0,15206762.0,2,2,0.0,413825.0,0
56,NonResidential,0.0,0,NORTHEAST,1.0,0,Medical Office,1.0,0.0,2193115.0,2,1,0.0,28050.0,0
56,NonResidential,0.0,0,NORTHEAST,1.0,0,Small- and Mid-Sized Office,1.0,31845.0,3947209.25,2,2,0.0,63690.0,0
31,NonResidential,12183.666666666666,0,DOWNTOWN,1.0,6,Small- and Mid-Sized Office,1.0,18364.0,4307238.5,1,2,0.0,111087.0,0
100,NonResidential,70411.5,1,EAST,1.0,2,Mixed Use Property,0.5781868018718533,64000.0,2762846.0,2,3,41014.0,194834.0,0
50,Nonresidential COS,87458.0,1,GREATER DUWAMISH,5.0,1,Mixed Use Property,1.0,39772.0,8475238.0,2,3,6275.0,87144.0,0
5,NonResidential,51400.0,0,NORTH,1.0,1,Supermarket / Grocery Store,1.0,0.0,11702959.0,2,2,0.0,51841.0,0
23,NonResidential,26263.0,0,LAKE UNION,1.0,1,Small- and Mid-Sized Office,1.0,0.0,1634669.375,1,1,0.0,26263.0,0
110,Nonresidential COS,19606.0,0,GREATER DUWAMISH,1.0,2,Other,1.0,0.0,72370.39844,1,1,0.0,39212.0,0
48,Nonresidential COS,21400.0,1,CENTRAL,0.0,1,Other,1.0,9003.0,5170809.5,2,3,0.0,20740.0,0
16,NonResidential,22250.0,0,EAST,1.0,8,Laboratory,1.0,0.0,53166156.0,2,1,0.0,181930.0,1
11,NonResidential,40539.25,0,GREATER DUWAMISH,1.0,4,Large Office,1.0,72726.0,40613740.0,2,2,0.0,161424.0,0
13,NonResidential,8499.25,0,MAGNOLIA / QUEEN ANNE,1.0,4,Supermarket / Grocery Store,1.0,30000.0,8926736.0,2,2,0.0,63997.0,0
4,NonResidential,47856.63636363636,1,LAKE UNION,1.0,11,Large Office,1.0,182439.0,17463744.0,2,3,7177.0,590152.0,0
114,NonResidential,12368.5,1,DOWNTOWN,1.0,6,Mixed Use Property,1.0,29878.0,1357119.875,1,3,8421.0,71578.0,0
28,NonResidential,22850.0,0,SOUTHEAST,1.0,2,Warehouse,1.0,0.0,1544193.75,2,1,0.0,293707.0,0
64,SPS-District K-12,116101.0,0,MAGNOLIA / QUEEN ANNE,1.0,1,K-12 School,1.0,0.0,0.0,1,1,0.0,119685.0,0
87,Nonresidential COS,0.0,0,NORTHEAST,8.0,0,Other,1.0,0.0,18470340.0,2,1,0.0,564258.0,0
4,NonResidential,26787.5,0,NORTHWEST,1.0,2,Other,1.0,0.0,31803568.0,2,1,0.0,53575.0,0
4,NonResidential,26224.166666666668,0,GREATER DUWAMISH,1.0,6,Large Office,1.0,0.0,11624548.0,2,1,0.0,157345.0,0
4,NonResidential,27351.6,0,NORTHEAST,1.0,5,Residence Hall,1.0,0.0,6275367.5,2,1,0.0,207017.0,0
4,NonResidential,27465.571428571428,0,NORTHEAST,1.0,7,Residence Hall,1.0,7000.0,8767617.0,2,2,0.0,195118.0,0
4,Nonresidential COS,68569.0,0,GREATER DUWAMISH,2.0,2,Other,1.0,0.0,5475367.0,1,1,0.0,138602.0,0
4,NonResidential,38210.0,0,EAST,1.0,7,Other,1.0,106988.0,42584028.0,2,2,0.0,267470.0,1
3,NonResidential,41250.0,0,NORTHEAST,1.0,8,Hospital,1.0,0.0,57764408.0,2,1,0.0,241500.0,0
98,NonResidential,14610.666666666666,1,MAGNOLIA / QUEEN ANNE,1.0,3,Retail Store,1.0,17558.0,3886545.0,2,3,1686.0,43832.0,0
29,NonResidential,24393.833333333332,0,SOUTHWEST,1.0,6,Other,1.0,0.0,11730555.0,2,1,0.0,146363.0,0
5,NonResidential,67263.0,0,SOUTHWEST,1.0,1,Supermarket / Grocery Store,1.0,0.0,14697487.0,2,1,0.0,67263.0,0
28,NonResidential,27237.384615384617,1,DOWNTOWN,1.0,13,Large Office,0.578277593578961,149326.0,13458948.0,2,3,38225.0,380944.0,0
8,NonResidential,35146.0,0,NORTHEAST,1.0,2,Worship Facility,1.0,0.0,1933811.625,2,1,0.0,70292.0,0
41,NonResidential,12954.142857142857,0,DOWNTOWN,1.0,7,Other,0.6126997430496587,30700.0,41680640.0,1,2,0.0,90700.0,0
3,NonResidential,42448.875,1,LAKE UNION,0.0,8,Laboratory,0.6642726102870806,139241.0,41696464.0,2,3,294.0,312328.0,0
3,NonResidential,8666.666666666666,0,CENTRAL,1.0,6,Small- and Mid-Sized Office,1.0,0.0,342726.0938,0,1,0.0,48159.0,0
2,NonResidential,17890.0,0,EAST,1.0,2,K-12 School,1.0,0.0,2912264.0,2,1,0.0,38000.0,0
3,NonResidential,35020.333333333336,0,MAGNOLIA / QUEEN ANNE,1.0,3,Large Office,0.7314226972901458,28217.0,1363191.625,1,2,0.0,111750.0,0
3,NonResidential,20887.333333333332,0,DOWNTOWN,1.0,3,Small- and Mid-Sized Office,0.7607960167246497,0.0,2502131.0,2,1,0.0,47000.0,0
3,NonResidential,15595.25,1,BALLARD,1.0,4,Hotel,0.6321315785255126,26067.0,3497215.5,1,3,0.0,86312.0,0
3,NonResidential,13300.833333333334,0,Central,1.0,6,Senior Care Community,1.0,7000.0,7531325.0,2,2,0.0,86805.0,0
2,NonResidential,24462.5,0,NORTHWEST,1.0,2,K-12 School,1.0,0.0,1662054.125,2,1,0.0,63500.0,0
54,Nonresidential COS,29000.0,0,MAGNOLIA / QUEEN ANNE,0.0,1,Other,1.0,0.0,2429214.0,2,1,0.0,25100.0,0
3,NonResidential,50837.5,0,NORTHEAST,1.0,6,Other,0.21563150561429392,19909.0,25959642.0,2,2,0.0,338895.0,0
2,NonResidential,47673.42857142857,0,GREATER DUWAMISH,1.0,7,Large Office,0.5604409764049455,133432.0,4581493.0,2,2,0.0,324765.0,0
2,NonResidential,28494.0,0,GREATER DUWAMISH,1.0,2,Other,1.0,0.0,544172.375,2,2,0.0,24520.0,0
9,Campus,74928.0,0,GREATER DUWAMISH,4.0,2,University,1.0,0.0,6335315.5,2,1,0.0,149856.0,0
6,NonResidential,22081.0,0,DELRIDGE,1.0,2,Other,1.0,15761.0,1546484.875,2,2,0.0,59923.0,0
3,Nonresidential COS,53775.0,1,SOUTHEAST,1.0,1,Other,1.0,12689.0,12095818.0,2,3,2110.0,50160.0,0
104,NonResidential,32410.0,1,EAST,0.0,2,Small- and Mid-Sized Office,1.0,11500.0,2274296.75,2,3,10000.0,59168.0,0
23,NonResidential,49882.5,0,EAST,1.0,2,University,1.0,0.0,3185005.25,2,1,0.0,99765.0,0
91,NonResidential,142782.33333333334,0,EAST,1.0,3,University,1.0,0.0,37022180.0,3,1,0.0,472384.0,1
96,NonResidential,46808.25,0,EAST,1.0,8,Hospital,1.0,0.0,163945984.0,2,1,0.0,1010135.0,1
27,NonResidential,65798.33333333333,1,DOWNTOWN,1.0,3,Senior Care Community,0.20970642620127156,3650.0,2737534.5,2,3,586.0,43036.0,0
6,NonResidential,5149.75,0,BALLARD,1.0,8,Supermarket / Grocery Store,1.0,0.0,7768057.5,2,1,0.0,41198.0,0
2,Nonresidential COS,20993.0,0,GREATER DUWAMISH,1.0,1,Other,1.0,0.0,923812.8125,2,1,0.0,20983.0,0
7,NonResidential,0.0,0,SOUTHEAST,1.0,0,Other,1.0,0.0,2159170.25,2,1,0.0,40265.0,0
116,Campus,0.0,0,NORTHEAST,111.0,0,University,1.0,0.0,873923712.0,2,1,0.0,9320156.0,1
47,NonResidential,14694.75,0,NORTHEAST,1.0,4,University,1.0,0.0,5000717.0,1,1,0.0,58779.0,0
5,NonResidential,0.0,0,NORTHEAST,1.0,0,Residence Hall,1.0,24000.0,4926695.0,2,2,0.0,200225.0,0
18,NonResidential,33838.333333333336,0,NORTHEAST,1.0,6,University,1.0,0.0,51168308.0,1,1,0.0,203030.0,0
63,NonResidential,0.0,0,NORTHEAST,1.0,0,Residence Hall,1.0,0.0,15965859.0,2,1,0.0,166991.0,0
46,NonResidential,0.0,0,NORTHEAST,1.0,0,Residence Hall,1.0,0.0,6960904.5,1,1,0.0,89392.0,0
5,NonResidential,0.0,0,NORTHEAST,1.0,0,Residence Hall,1.0,0.0,3894142.5,2,1,0.0,97040.0,0
2,NonResidential,71196.83333333333,0,LAKE UNION,1.0,6,Large Office,1.0,169195.0,16371039.0,2,2,0.0,596376.0,0
2,NonResidential,25395.0,0,SOUTHEAST,1.0,4,Self-Storage Facility,0.8621382161842882,0.0,940844.6875,2,1,0.0,87576.0,0
2,NonResidential,11216.0,0,NORTHEAST,1.0,3,Other,1.0,39000.0,1399581.625,1,2,0.0,122600.0,0
1,NonResidential,7574.6,1,EAST,1.0,5,Small- and Mid-Sized Office,1.0,5834.0,2346692.5,2,3,5160.0,36921.0,0
1,NonResidential,51381.6,1,MAGNOLIA / QUEEN ANNE,1.0,10,Large Office,1.0,151658.0,18760766.0,2,3,1087.0,511785.0,0
1,NonResidential,10329.57142857143,0,DOWNTOWN,1.0,14,Hotel,1.0,0.0,5525072.5,2,1,0.0,159500.0,0
2,NonResidential,40058.5,0,LAKE UNION,1.0,12,Large Office,0.6603717063794201,136594.0,12720069.0,2,2,0.0,478491.0,0
2,NonResidential,12766.0,0,MAGNOLIA / QUEEN ANNE,1.0,2,Mixed Use Property,1.0,11745.0,627854.125,1,2,0.0,23490.0,0
1,NonResidential,54018.0,0,GREATER DUWAMISH,1.0,2,Other,1.0,108036.0,4991893.5,2,2,0.0,310207.0,0
1,NonResidential,40283.083333333336,0,LAKE UNION,1.0,12,Large Office,0.6561666704592706,147597.0,13998638.0,2,2,0.0,489770.0,0
2,Nonresidential COS,41284.38461538462,1,LAKE UNION,1.0,13,Large Office,0.6317121206192693,202178.0,13239050.0,2,3,6313.200195,551329.200195,0
2,NonResidential,31705.75,1,LAKE UNION,1.0,4,Hotel,0.6724647737397791,41539.0,6042399.5,2,3,0.0,129696.0,0
61,NonResidential,52085.0,0,GREATER DUWAMISH,1.0,1,Warehouse,0.9189401939137948,0.0,3605855.5,2,1,0.0,52085.0,0
87,NonResidential,12495.0,0,GREATER DUWAMISH,1.0,2,Small- and Mid-Sized Office,1.0,0.0,4420650.5,2,1,0.0,24990.0,0
3,NonResidential,72000.0,0,NORTHEAST,1.0,1,Other,1.0,0.0,2925780.0,2,1,0.0,72000.0,0
1,NonResidential,15000.0,0,GREATER DUWAMISH,1.0,3,K-12 School,1.0,0.0,1325972.75,1,2,0.0,45728.0,0
1,NonResidential,57548.333333333336,1,LAKE UNION,1.0,6,Mixed Use Property,0.753749022560746,106498.0,39364116.0,2,3,84002.0,342023.0,0
54,Nonresidential WA,68072.0,0,NORTHEAST,1.0,1,University,1.0,0.0,3180819.25,1,1,0.0,68916.0,0
11,Nonresidential COS,20616.0,1,NORTH,1.0,1,Mixed Use Property,1.0,8577.0,636965.5,1,3,1364.0,19841.0,0
3,Nonresidential COS,11685.0,0,CENTRAL,1.0,1,Other,1.0,0.0,851053.8125,2,1,0.0,11685.0,0
6,Nonresidential COS,11968.0,0,BALLARD,1.0,1,Other,1.0,0.0,783423.0,2,1,0.0,11968.0,0
67,Nonresidential COS,11285.0,0,NORTH,1.0,1,Other,1.0,0.0,645665.375,2,1,0.0,11285.0,0
105,Nonresidential COS,16795.0,1,BALLARD,1.0,1,Other,1.0,7014.0,936616.5,2,3,535.0,16229.0,0
44,Nonresidential COS,12769.0,1,BALLARD,1.0,1,Other,1.0,1670.0,5117308.5,2,3,187.0,12769.0,0
64,Nonresidential COS,13661.0,0,MAGNOLIA / QUEEN ANNE,1.0,1,Office,1.0,0.0,502667.6875,1,1,0.0,13661.0,0
104,Nonresidential COS,23445.0,0,EAST,1.0,1,Other,1.0,0.0,5976246.0,2,1,0.0,23445.0,0
22,Nonresidential COS,20050.0,1,CENTRAL,1.0,1,Mixed Use Property,1.0,7726.0,1813404.0,2,3,3779.0,19613.0,0
56,Nonresidential COS,15398.0,0,SOUTHEAST,1.0,1,Office,1.0,0.0,387810.0,2,1,0.0,15398.0,0
34,Nonresidential COS,18261.0,0,DELRIDGE NEIGHBORHOODS,1.0,1,Other,1.0,0.0,932082.125,2,1,0.0,18261.0,0
26,Nonresidential COS,12294.0,0,GREATER DUWAMISH,1.0,1,Office,1.0,0.0,849745.6875,2,1,0.0,12294.0,0
12,Nonresidential COS,16000.0,0,DOWNTOWN,1.0,1,Other,1.0,0.0,950276.1875,2,1,0.0,16000.0,0
42,Nonresidential COS,13157.0,1,MAGNOLIA / QUEEN ANNE,1.0,1,Other,1.0,5574.0,5765898.0,2,3,0.0,13157.0,0
27,Nonresidential COS,14101.0,1,GREATER DUWAMISH,1.0,1,Mixed Use Property,1.0,6501.0,719471.1875,2,3,484.0,13586.0,0
78,Nonresidential COS,18258.0,1,GREATER DUWAMISH,1.0,1,Mixed Use Property,1.0,8000.0,1152896.25,2,3,1108.0,17379.0,0
